;warning
5521;1.0
7728;0.0
7150;1.0
9069;0.0
167;1.0
673;0.0
5159;0.0
11540;0.0
3544;0.0
7261;1.0
646;0.0
564;0.0
9483;0.0
2824;0.0
11399;1.0
11088;1.0
998;1.0
5546;0.0
9451;0.0
8360;0.0
45;1.0
8524;0.0
4021;0.0
5127;1.0
2719;1.0
9300;1.0
11735;0.0
2820;1.0
4723;1.0
10026;1.0
10290;0.0
4906;0.0
5960;1.0
6073;1.0
8967;1.0
1887;0.0
6761;0.0
3904;0.0
3634;0.0
3670;0.0
6417;0.0
10769;0.0
9624;1.0
8947;1.0
10276;1.0
1235;1.0
10321;1.0
5439;1.0
3842;1.0
4985;1.0
7388;0.0
2277;0.0
6706;1.0
2604;0.0
8063;1.0
2109;1.0
8566;0.0
10330;1.0
3902;1.0
478;1.0
7685;0.0
2801;0.0
1020;1.0
8856;0.0
7732;0.0
6014;0.0
9265;1.0
3477;0.0
8978;0.0
3797;1.0
8441;0.0
10344;1.0
6757;1.0
459;1.0
2134;0.0
4347;1.0
1699;1.0
11493;1.0
4294;0.0
4804;1.0
5432;1.0
10466;1.0
8320;1.0
8393;1.0
10171;0.0
10678;1.0
10042;1.0
2851;1.0
4293;1.0
7480;1.0
3234;0.0
2422;0.0
674;0.0
2448;0.0
1519;1.0
2320;1.0
11370;1.0
10499;1.0
4003;1.0
4621;1.0
4004;1.0
11262;1.0
3728;1.0
6885;1.0
2581;1.0
9260;1.0
7516;0.0
8857;1.0
6310;1.0
10391;1.0
9837;1.0
10577;1.0
9945;0.0
10160;0.0
10419;0.0
10140;1.0
909;0.0
8673;0.0
5902;0.0
10032;0.0
6231;0.0
8355;1.0
6447;1.0
2048;0.0
7478;0.0
1386;1.0
10621;0.0
4066;1.0
10156;1.0
4792;1.0
8830;1.0
8537;0.0
7717;1.0
8330;0.0
5363;0.0
9422;0.0
5503;1.0
6476;0.0
8509;1.0
707;0.0
3194;1.0
7509;1.0
4416;0.0
9919;1.0
3403;0.0
9886;0.0
7624;0.0
10970;1.0
4053;1.0
4929;0.0
9545;0.0
4968;0.0
11344;1.0
10879;1.0
8032;0.0
8188;0.0
2916;1.0
4908;1.0
11608;1.0
5276;0.0
2393;0.0
10262;0.0
2411;1.0
9670;0.0
2131;0.0
5950;1.0
1452;1.0
3582;0.0
3073;0.0
963;0.0
7188;0.0
1785;1.0
4542;0.0
9241;0.0
6674;1.0
9638;1.0
1180;1.0
8884;1.0
1044;1.0
6241;1.0
3814;1.0
1679;1.0
7740;1.0
6777;0.0
202;0.0
10594;1.0
962;1.0
6451;1.0
9863;1.0
8568;0.0
3445;0.0
8896;0.0
4778;0.0
11858;0.0
511;1.0
3618;1.0
870;1.0
11765;0.0
6782;0.0
8494;1.0
11352;1.0
3568;1.0
6643;1.0
685;0.0
10189;0.0
6548;0.0
1662;1.0
6170;1.0
9236;1.0
11711;1.0
4986;1.0
5436;0.0
8282;1.0
8347;1.0
3565;1.0
3639;0.0
10506;0.0
6020;1.0
10860;0.0
4936;1.0
11825;0.0
1175;1.0
7101;0.0
8957;0.0
10142;1.0
8007;0.0
4788;0.0
3055;1.0
8899;1.0
7544;0.0
3503;1.0
1709;1.0
1943;1.0
9119;1.0
8131;1.0
3238;1.0
2805;0.0
1014;0.0
7938;1.0
10037;0.0
10896;0.0
7901;0.0
661;0.0
9270;1.0
6880;0.0
11166;1.0
8980;1.0
1576;0.0
11546;1.0
1458;0.0
4627;1.0
7978;0.0
0;0.0
2533;1.0
2812;1.0
10907;1.0
1604;1.0
8982;1.0
10535;1.0
11458;1.0
7603;1.0
11319;0.0
3156;0.0
2205;0.0
11674;0.0
6236;0.0
9135;0.0
5450;0.0
10731;0.0
6423;0.0
746;1.0
8388;1.0
8101;0.0
3850;0.0
1927;1.0
3371;1.0
226;0.0
7447;1.0
10686;0.0
2353;0.0
336;1.0
4509;1.0
5370;1.0
1015;1.0
3652;0.0
5126;1.0
8934;0.0
11340;0.0
1123;1.0
10239;0.0
1306;1.0
11217;0.0
3228;1.0
1131;0.0
341;0.0
4049;0.0
10118;1.0
9548;1.0
11268;1.0
2329;0.0
5730;1.0
11218;1.0
8543;1.0
7035;1.0
2671;0.0
3293;1.0
2385;1.0
9832;0.0
700;1.0
2177;0.0
2027;1.0
80;1.0
465;0.0
10644;1.0
8220;0.0
8804;0.0
8385;0.0
9806;1.0
9816;1.0
11874;1.0
7311;1.0
1087;1.0
5705;0.0
418;0.0
2157;1.0
3121;0.0
11565;1.0
9943;0.0
5712;1.0
2776;0.0
4200;0.0
8051;0.0
7016;0.0
3673;1.0
4194;1.0
3303;0.0
3144;1.0
7154;1.0
7803;0.0
4891;1.0
2197;1.0
2701;1.0
9029;0.0
9114;1.0
2855;1.0
7070;1.0
842;1.0
8983;0.0
7827;1.0
3332;1.0
9106;1.0
5601;1.0
432;1.0
11258;1.0
625;1.0
6211;1.0
5813;1.0
2185;1.0
10386;1.0
1952;1.0
1815;0.0
5611;1.0
5723;1.0
10111;1.0
3451;1.0
2814;0.0
1520;0.0
2167;1.0
4566;1.0
1146;1.0
10401;1.0
8409;1.0
4569;1.0
4802;1.0
8725;1.0
8799;1.0
3617;1.0
10587;1.0
10576;1.0
3048;0.0
11074;0.0
2895;0.0
9936;1.0
79;0.0
4669;1.0
3282;0.0
9034;0.0
10110;0.0
5990;1.0
2573;0.0
4688;0.0
11757;1.0
10951;0.0
1964;1.0
10650;1.0
6036;0.0
11480;0.0
8274;1.0
3345;0.0
2243;0.0
5590;0.0
7132;0.0
10491;1.0
9810;1.0
9222;0.0
4589;1.0
3219;0.0
7889;1.0
9845;1.0
7247;1.0
3338;0.0
9562;1.0
5293;1.0
6319;0.0
5528;0.0
4727;1.0
5488;0.0
6076;0.0
7360;1.0
2016;1.0
6587;1.0
2039;0.0
6033;1.0
9352;0.0
7952;1.0
10856;1.0
322;0.0
8618;0.0
2599;0.0
11405;0.0
4469;1.0
6718;0.0
4475;0.0
3875;1.0
1930;1.0
8822;0.0
7449;1.0
8512;0.0
9813;0.0
5951;0.0
10635;1.0
10169;0.0
2283;0.0
6721;0.0
2739;0.0
1920;1.0
7947;0.0
190;1.0
466;0.0
11375;1.0
7881;1.0
112;1.0
5801;1.0
397;1.0
9074;1.0
5430;1.0
3388;1.0
10721;0.0
5026;0.0
4871;0.0
3626;1.0
1016;0.0
6659;1.0
11471;1.0
8853;0.0
10174;1.0
5800;1.0
4846;1.0
6184;0.0
2660;0.0
1735;1.0
3013;1.0
1431;0.0
677;1.0
2041;1.0
288;1.0
6471;1.0
1136;0.0
2591;0.0
4782;0.0
10801;0.0
7527;1.0
9288;0.0
6654;1.0
3074;1.0
7428;1.0
2781;0.0
933;1.0
7594;0.0
6043;1.0
7106;1.0
6037;1.0
9527;1.0
9627;1.0
1416;0.0
2290;0.0
3425;1.0
8240;0.0
5824;0.0
10230;1.0
3759;0.0
3394;0.0
65;1.0
1284;0.0
7430;1.0
11877;1.0
2692;1.0
11222;1.0
9125;1.0
1668;0.0
11246;0.0
1127;0.0
8039;1.0
10098;0.0
7136;1.0
5032;0.0
10820;0.0
1892;1.0
534;1.0
11882;1.0
4139;0.0
10039;1.0
1172;0.0
3482;0.0
8011;1.0
5213;1.0
11315;0.0
824;1.0
2045;0.0
7404;0.0
2674;1.0
9156;1.0
9912;1.0
9568;1.0
9724;0.0
9282;1.0
1122;1.0
5591;0.0
7092;1.0
7939;1.0
5832;0.0
2434;0.0
3470;1.0
8422;1.0
11763;0.0
6987;0.0
296;1.0
11835;1.0
5097;1.0
7974;0.0
8047;0.0
9935;0.0
1469;1.0
8693;1.0
10483;1.0
152;0.0
3982;1.0
2565;1.0
4816;0.0
8893;1.0
10905;0.0
8595;1.0
5669;0.0
11531;0.0
7159;0.0
8502;0.0
10429;1.0
9709;1.0
696;1.0
4302;0.0
10487;1.0
6466;0.0
957;0.0
10082;1.0
11016;1.0
11542;1.0
11415;1.0
11364;0.0
4959;0.0
4282;1.0
8314;1.0
6917;1.0
7725;0.0
10327;1.0
1798;1.0
2849;0.0
9794;1.0
3454;0.0
2769;0.0
11758;1.0
6155;0.0
11256;0.0
9966;0.0
9223;0.0
11685;1.0
3250;0.0
1141;1.0
4856;0.0
3853;1.0
11525;1.0
10222;1.0
6963;1.0
11377;0.0
3392;1.0
5480;0.0
947;0.0
862;1.0
11427;1.0
11182;0.0
8773;1.0
4524;0.0
5495;0.0
10622;1.0
4451;0.0
4705;1.0
8984;1.0
4472;0.0
7956;1.0
6208;1.0
8604;0.0
8666;1.0
2773;1.0
7660;1.0
7250;0.0
3679;0.0
6789;1.0
11618;1.0
8246;0.0
5175;1.0
6800;1.0
7552;0.0
7540;0.0
2965;1.0
1821;1.0
3882;1.0
2683;1.0
5618;1.0
5186;0.0
7110;1.0
1055;1.0
1011;1.0
8800;1.0
2845;1.0
10928;0.0
11538;0.0
5409;0.0
10787;1.0
4228;1.0
4441;1.0
2536;0.0
6171;1.0
4055;1.0
9215;1.0
8241;0.0
1124;1.0
11625;0.0
2431;1.0
9431;0.0
2648;1.0
4440;1.0
6067;1.0
8521;1.0
7654;1.0
3275;0.0
5890;0.0
9291;1.0
11750;1.0
11160;1.0
8433;0.0
9218;0.0
463;1.0
3017;1.0
9834;0.0
8531;0.0
7199;1.0
485;1.0
6298;0.0
1671;1.0
6867;1.0
10415;1.0
9552;1.0
11871;0.0
6860;0.0
8949;1.0
471;1.0
4510;0.0
210;1.0
1518;0.0
506;1.0
7695;0.0
2809;0.0
6848;1.0
11880;1.0
6676;1.0
4726;1.0
7646;1.0
5188;1.0
11435;1.0
10131;0.0
6410;0.0
10652;0.0
611;0.0
162;1.0
5164;0.0
1051;1.0
7931;1.0
5112;0.0
1564;1.0
2080;0.0
1971;0.0
7520;1.0
8995;1.0
7958;1.0
4244;1.0
6824;0.0
6004;0.0
10671;0.0
9973;0.0
3343;0.0
10771;1.0
3502;1.0
2257;0.0
1060;0.0
5932;1.0
7922;1.0
1911;1.0
9068;1.0
10710;0.0
8167;1.0
2446;1.0
10167;1.0
4201;0.0
6948;1.0
9656;0.0
9652;1.0
383;1.0
8212;0.0
4265;1.0
7634;1.0
2184;1.0
3385;0.0
857;1.0
1643;0.0
1273;1.0
9482;0.0
2924;1.0
2023;1.0
4104;1.0
1063;0.0
7422;1.0
4863;1.0
5377;0.0
7708;0.0
2998;1.0
5446;1.0
9021;0.0
11079;1.0
10121;1.0
178;0.0
6882;0.0
6012;1.0
4107;1.0
2171;1.0
1266;0.0
8372;0.0
2141;1.0
3798;1.0
5974;1.0
7701;1.0
11419;0.0
7595;1.0
10890;1.0
10588;0.0
2445;0.0
8109;0.0
8546;1.0
10242;0.0
2037;0.0
5544;1.0
8876;1.0
4795;1.0
4551;1.0
11087;1.0
7004;0.0
7155;0.0
4076;0.0
1277;1.0
10338;0.0
6826;0.0
3152;1.0
2744;0.0
1059;1.0
8287;1.0
8946;0.0
2789;1.0
1498;1.0
4990;1.0
11043;1.0
1670;1.0
6523;1.0
3683;0.0
4454;0.0
9590;1.0
426;1.0
4116;1.0
3602;0.0
11695;1.0
11756;1.0
659;0.0
9418;1.0
4489;1.0
1081;0.0
4471;1.0
7989;0.0
3807;1.0
10497;0.0
1622;1.0
3528;1.0
8081;0.0
8265;0.0
9597;0.0
3099;0.0
11178;0.0
6302;0.0
3484;0.0
2930;1.0
6775;0.0
10075;0.0
10563;0.0
10282;1.0
8217;0.0
10704;0.0
2360;1.0
1058;0.0
30;1.0
1129;1.0
777;1.0
11125;0.0
10874;1.0
9579;0.0
10031;1.0
105;0.0
6767;1.0
1213;0.0
1161;0.0
2335;0.0
7500;1.0
11619;1.0
7884;0.0
911;1.0
1018;0.0
1505;0.0
7187;1.0
4028;0.0
6197;0.0
3221;1.0
4838;0.0
1770;1.0
4197;1.0
9213;1.0
8731;1.0
388;1.0
282;1.0
779;0.0
5909;1.0
3214;1.0
3212;1.0
6704;1.0
5221;0.0
10058;0.0
10432;1.0
1898;1.0
2608;1.0
6223;1.0
2196;1.0
9800;1.0
2978;0.0
7521;1.0
7368;1.0
9887;1.0
8732;0.0
2878;1.0
11500;0.0
2569;0.0
3240;0.0
1249;1.0
6492;1.0
9171;1.0
3295;0.0
11202;1.0
589;1.0
1220;0.0
9505;0.0
969;1.0
11100;1.0
671;1.0
9557;1.0
9719;1.0
11183;1.0
10006;1.0
7826;0.0
3865;0.0
3878;0.0
8516;1.0
11208;0.0
8211;0.0
3722;1.0
5948;0.0
11501;0.0
9881;1.0
6574;0.0
7255;0.0
5110;0.0
8206;1.0
514;1.0
2643;0.0
208;1.0
1065;0.0
5986;1.0
2461;0.0
11250;0.0
5456;1.0
7959;0.0
224;0.0
5934;1.0
328;1.0
3215;0.0
2071;1.0
664;1.0
5757;1.0
8817;1.0
10396;1.0
3438;0.0
9316;1.0
8503;0.0
5275;1.0
4404;1.0
11442;0.0
1262;0.0
8037;1.0
10909;1.0
6246;0.0
425;1.0
10946;1.0
2689;0.0
1525;1.0
6601;1.0
7464;0.0
4899;1.0
5472;1.0
10545;0.0
4219;1.0
10689;1.0
6169;0.0
4806;1.0
9147;0.0
6500;0.0
11861;0.0
116;1.0
10926;1.0
5689;0.0
7904;0.0
11224;0.0
8094;1.0
6664;1.0
3346;0.0
10486;1.0
5564;1.0
10669;0.0
1149;1.0
2828;0.0
3218;1.0
3279;1.0
5849;1.0
9056;1.0
6614;0.0
11317;1.0
997;0.0
5434;1.0
1457;1.0
3518;1.0
10418;1.0
9910;1.0
10340;1.0
165;0.0
5307;0.0
6108;0.0
5226;1.0
1442;1.0
7059;0.0
2106;0.0
7152;1.0
5428;0.0
6425;0.0
3557;1.0
3811;0.0
5386;1.0
3216;1.0
697;1.0
11591;1.0
2889;1.0
7528;0.0
2304;1.0
6221;1.0
8935;0.0
4279;0.0
8825;1.0
8311;0.0
10306;0.0
1858;0.0
5562;1.0
7699;1.0
10035;1.0
8499;0.0
6351;0.0
2062;1.0
4602;1.0
263;0.0
5535;1.0
9864;0.0
4007;1.0
11675;0.0
4083;1.0
10711;0.0
8379;0.0
2509;0.0
7047;0.0
1533;1.0
2414;0.0
4289;1.0
6467;0.0
7180;1.0
2173;1.0
6512;0.0
4042;0.0
11662;0.0
11502;0.0
2180;0.0
7555;0.0
7874;0.0
4387;0.0
1478;0.0
3636;1.0
5082;0.0
3845;0.0
9798;1.0
9618;0.0
6888;1.0
6347;1.0
3411;0.0
6358;0.0
8055;1.0
10758;1.0
3067;1.0
5066;0.0
8784;0.0
9673;1.0
2447;0.0
7406;0.0
11254;0.0
8674;0.0
2742;0.0
5912;0.0
4098;1.0
1068;0.0
453;1.0
9578;1.0
3095;1.0
4930;1.0
5821;1.0
2402;1.0
10966;1.0
1198;1.0
9469;0.0
4880;0.0
11120;1.0
3140;1.0
6772;0.0
10375;1.0
8913;1.0
6010;0.0
4837;1.0
2967;1.0
1739;1.0
4502;0.0
1310;0.0
9811;0.0
1868;1.0
10904;1.0
8917;1.0
4937;0.0
2061;0.0
7844;0.0
2232;1.0
4376;0.0
545;1.0
11167;0.0
7030;0.0
544;0.0
1682;1.0
4870;1.0
11659;1.0
1903;1.0
8902;1.0
2299;0.0
3727;1.0
371;0.0
2734;1.0
6356;0.0
5991;1.0
5889;1.0
4694;1.0
7455;1.0
3196;0.0
2917;1.0
3746;1.0
3676;1.0
3239;1.0
6394;1.0
11391;1.0
8172;1.0
7066;1.0
1165;0.0
5179;1.0
6130;1.0
11517;1.0
5530;1.0
2818;1.0
9457;1.0
8594;1.0
6249;1.0
7536;0.0
5517;1.0
11703;1.0
11076;1.0
3674;0.0
7856;0.0
158;0.0
986;1.0
2670;1.0
5816;0.0
3277;1.0
2102;0.0
8071;0.0
2678;0.0
455;1.0
8434;1.0
5955;0.0
2286;1.0
2211;1.0
8536;0.0
6652;0.0
7439;1.0
5431;1.0
2168;1.0
402;0.0
2873;0.0
5953;1.0
6521;1.0
10455;1.0
4519;1.0
9602;1.0
11309;1.0
5365;0.0
4292;0.0
6275;1.0
4130;1.0
6293;1.0
8535;0.0
10755;1.0
2091;1.0
9010;1.0
2470;1.0
11627;1.0
9576;1.0
11616;0.0
1509;1.0
10553;1.0
6671;0.0
5733;1.0
1321;0.0
5553;0.0
3933;0.0
9475;1.0
10680;0.0
10437;0.0
6515;1.0
368;1.0
9032;0.0
10541;1.0
3861;1.0
4022;0.0
3158;0.0
11060;1.0
7748;1.0
301;1.0
7384;0.0
6935;0.0
655;0.0
10224;0.0
11050;1.0
1864;0.0
10830;1.0
6737;0.0
6742;0.0
10341;0.0
7020;1.0
7121;0.0
7131;1.0
2919;1.0
3448;1.0
11416;0.0
10371;1.0
8851;1.0
11855;0.0
5744;1.0
10024;1.0
5211;0.0
5658;0.0
10978;0.0
136;1.0
4879;1.0
6687;1.0
3789;1.0
5628;1.0
1951;0.0
2979;1.0
5961;0.0
1296;1.0
1474;1.0
4757;1.0
4764;0.0
4432;0.0
7024;1.0
6969;1.0
1827;1.0
4842;0.0
4231;1.0
2590;1.0
6522;0.0
6077;1.0
2308;1.0
1856;1.0
6961;0.0
528;1.0
8253;1.0
651;1.0
3543;1.0
4439;1.0
7215;0.0
4722;0.0
10932;1.0
10013;1.0
6353;1.0
1573;1.0
7144;1.0
5862;1.0
6670;1.0
367;1.0
10604;0.0
4462;0.0
2358;0.0
9623;1.0
2253;1.0
3768;1.0
5842;0.0
2897;1.0
11485;1.0
807;1.0
11845;1.0
7479;1.0
3373;0.0
11804;1.0
900;1.0
6196;1.0
8534;0.0
10881;0.0
9073;1.0
6921;0.0
6412;1.0
7248;1.0
9411;1.0
2052;0.0
9393;0.0
9815;1.0
10611;0.0
422;0.0
219;0.0
10620;1.0
6976;0.0
98;0.0
3638;1.0
7045;1.0
7485;1.0
5090;1.0
1307;1.0
6802;0.0
1215;0.0
1353;1.0
9651;1.0
10979;1.0
2366;1.0
10510;1.0
10086;1.0
6869;1.0
5233;0.0
10332;1.0
5287;1.0
1332;1.0
8375;1.0
49;0.0
4141;0.0
8065;0.0
3718;0.0
286;0.0
11072;1.0
11180;1.0
6546;0.0
1584;1.0
2465;1.0
2555;1.0
11839;1.0
9419;1.0
250;0.0
4192;1.0
4422;0.0
1319;0.0
7669;0.0
3884;0.0
9439;0.0
9442;1.0
5507;0.0
2860;0.0
5887;0.0
1737;0.0
10067;1.0
4716;0.0
2653;0.0
1212;1.0
11783;0.0
9900;1.0
11544;1.0
8739;0.0
8898;1.0
11384;0.0
8650;0.0
6545;1.0
1651;1.0
2235;1.0
6553;1.0
10257;1.0
2006;0.0
8195;0.0
653;1.0
8689;1.0
4646;1.0
11821;1.0
11165;1.0
6874;1.0
6332;1.0
8500;1.0
727;1.0
7726;1.0
7809;1.0
9879;1.0
2112;1.0
4839;1.0
8939;1.0
896;1.0
2724;1.0
7489;0.0
8735;1.0
9072;0.0
2274;1.0
6596;1.0
7022;1.0
2777;0.0
7230;1.0
4278;1.0
4616;1.0
5268;0.0
7808;0.0
5904;1.0
6887;1.0
8052;1.0
4255;1.0
1494;1.0
11776;1.0
10713;0.0
5438;1.0
10005;0.0
2923;1.0
8312;0.0
1986;1.0
8482;1.0
7892;0.0
8860;0.0
11557;0.0
3581;1.0
59;1.0
11054;1.0
6271;1.0
8747;1.0
7174;0.0
891;1.0
3070;1.0
10895;0.0
10886;1.0
1004;0.0
11464;1.0
9410;0.0
6195;1.0
7835;0.0
4431;1.0
6464;1.0
2523;0.0
9275;1.0
11240;1.0
10918;1.0
9200;0.0
1139;0.0
4634;1.0
3857;0.0
3155;0.0
6577;1.0
5271;0.0
3643;1.0
7991;0.0
1597;1.0
8449;0.0
4926;0.0
5690;1.0
7885;1.0
99;1.0
2959;0.0
8824;0.0
7713;1.0
4534;1.0
7761;1.0
7852;1.0
11860;1.0
5184;1.0
9518;1.0
8778;0.0
6600;1.0
1973;0.0
5002;0.0
5865;0.0
11342;0.0
7398;0.0
8162;1.0
10469;0.0
5837;1.0
1232;0.0
4933;1.0
4579;1.0
1105;1.0
5078;0.0
10061;1.0
2587;1.0
11470;1.0
1221;1.0
11611;1.0
844;1.0
11446;1.0
5046;1.0
9614;1.0
8358;0.0
1137;1.0
7706;0.0
1440;0.0
6973;1.0
4967;0.0
5028;1.0
2557;1.0
180;1.0
3288;1.0
8965;0.0
9701;1.0
7988;0.0
4408;0.0
9460;0.0
378;0.0
5331;1.0
5886;1.0
11058;1.0
3205;1.0
3489;0.0
3222;1.0
6629;1.0
10025;0.0
2963;0.0
2123;1.0
1826;1.0
7098;1.0
8696;1.0
5941;0.0
7477;1.0
8622;1.0
3815;1.0
5218;0.0
5694;1.0
4428;1.0
8002;1.0
5586;1.0
3069;1.0
5596;1.0
1810;1.0
7597;1.0
5685;1.0
10839;1.0
2598;1.0
6129;1.0
11228;0.0
10885;1.0
3671;1.0
3962;1.0
3391;0.0
6220;0.0
8043;1.0
6561;1.0
6288;1.0
9368;0.0
2234;1.0
1510;1.0
2669;1.0
444;0.0
8426;1.0
5056;1.0
4069;0.0
5037;1.0
6825;1.0
5755;1.0
1357;0.0
3125;1.0
7752;1.0
9612;1.0
9643;1.0
7486;0.0
5092;1.0
9932;0.0
4340;1.0
8029;1.0
9361;0.0
4537;1.0
835;1.0
9908;0.0
1575;0.0
558;1.0
5194;1.0
8966;1.0
8697;0.0
5359;0.0
9450;0.0
11170;0.0
4961;1.0
2251;0.0
5768;1.0
11548;0.0
4612;1.0
11263;1.0
841;0.0
5074;0.0
633;1.0
6483;1.0
2784;1.0
4917;0.0
356;0.0
4163;0.0
5952;0.0
6090;0.0
10119;1.0
7764;1.0
6702;1.0
469;0.0
693;0.0
10673;1.0
5982;1.0
10746;0.0
5252;1.0
1766;1.0
8263;0.0
163;0.0
5305;0.0
4339;1.0
513;0.0
4106;1.0
9801;1.0
450;1.0
10181;0.0
4779;0.0
11690;0.0
4571;0.0
4678;0.0
10567;0.0
11152;1.0
9146;1.0
4823;1.0
10446;1.0
2661;1.0
6093;0.0
310;0.0
2704;1.0
3139;0.0
7912;1.0
10893;1.0
6799;1.0
9429;0.0
10997;1.0
7494;0.0
7126;0.0
3278;1.0
2658;1.0
1998;1.0
9456;1.0
2505;1.0
307;1.0
1189;0.0
10923;1.0
4522;0.0
5988;0.0
5214;1.0
2987;0.0
2973;0.0
4620;1.0
1166;0.0
10365;1.0
6636;0.0
3377;1.0
1955;0.0
8284;1.0
9046;1.0
211;0.0
9025;1.0
1183;1.0
10197;0.0
8056;1.0
8332;1.0
4402;0.0
6602;1.0
1096;0.0
4668;0.0
2210;1.0
4909;1.0
10654;0.0
2186;0.0
6773;0.0
10289;0.0
6977;0.0
9551;1.0
7782;1.0
7424;0.0
9588;0.0
8070;1.0
11560;1.0
8451;0.0
358;1.0
3551;0.0
6847;0.0
6376;0.0
10046;0.0
4413;1.0
350;1.0
11185;0.0
2721;0.0
11333;1.0
5158;1.0
8174;1.0
9937;0.0
3429;1.0
1411;0.0
787;1.0
7993;1.0
3005;0.0
3402;1.0
5085;0.0
10008;1.0
11;1.0
3524;1.0
3026;1.0
1381;0.0
8881;1.0
9446;1.0
6908;0.0
2125;1.0
1950;0.0
6117;0.0
3195;1.0
4492;1.0
1432;0.0
8015;0.0
4590;0.0
1802;1.0
4560;1.0
1083;1.0
5260;0.0
5367;0.0
252;1.0
6734;1.0
10050;0.0
5117;1.0
2401;0.0
7719;1.0
3856;0.0
6118;0.0
5454;1.0
2421;0.0
3380;1.0
1630;1.0
9002;1.0
10311;0.0
6906;1.0
1246;1.0
3536;1.0
1693;1.0
9477;0.0
9984;0.0
7807;0.0
11372;1.0
518;1.0
9978;1.0
11850;1.0
4363;0.0
5189;1.0
8336;0.0
3507;0.0
5536;0.0
3111;1.0
9009;0.0
3906;1.0
7831;1.0
486;0.0
10955;1.0
5238;1.0
708;1.0
1667;0.0
7263;1.0
8874;0.0
11848;1.0
6876;0.0
1041;0.0
11490;1.0
4281;1.0
379;1.0
1783;1.0
10803;1.0
4305;0.0
8346;0.0
1461;0.0
4125;1.0
9126;0.0
9938;1.0
983;0.0
5449;1.0
4526;1.0
3314;0.0
1472;1.0
2073;1.0
4767;1.0
11589;1.0
10;0.0
5487;1.0
9161;1.0
9104;1.0
11886;1.0
7330;1.0
5396;1.0
9085;0.0
6458;1.0
10743;1.0
187;1.0
11410;1.0
9781;0.0
11187;0.0
2968;1.0
7025;1.0
10554;1.0
966;0.0
5719;0.0
4309;1.0
399;1.0
5317;1.0
2982;1.0
885;1.0
7359;1.0
166;0.0
3644;1.0
7138;0.0
6751;1.0
11844;0.0
11386;1.0
6801;0.0
5220;1.0
10930;1.0
2956;0.0
265;1.0
2143;0.0
11479;1.0
5020;0.0
9432;1.0
7371;1.0
6087;1.0
320;1.0
2779;0.0
6013;0.0
972;1.0
10603;1.0
1978;1.0
6991;1.0
7987;1.0
9514;1.0
2413;0.0
2585;1.0
11287;0.0
4175;0.0
7361;0.0
4970;0.0
1283;1.0
8766;1.0
3654;1.0
7905;0.0
369;1.0
973;1.0
8582;1.0
6008;0.0
3847;0.0
327;1.0
7590;1.0
8994;1.0
10400;0.0
10965;0.0
3791;1.0
6979;1.0
8382;1.0
11430;1.0
5668;1.0
2193;1.0
5626;0.0
6588;0.0
9942;1.0
6562;1.0
7474;0.0
991;1.0
7393;1.0
9587;0.0
10988;1.0
10559;0.0
8709;0.0
11831;0.0
6469;0.0
10656;1.0
9650;0.0
6651;1.0
8191;0.0
8348;1.0
3186;1.0
9259;1.0
10507;1.0
3033;1.0
8275;0.0
6151;1.0
8192;1.0
11004;0.0
2055;0.0
5996;0.0
2794;0.0
2938;0.0
3340;1.0
11456;0.0
6434;1.0
2026;1.0
9367;1.0
1033;1.0
9134;0.0
7994;0.0
11669;0.0
3773;0.0
5058;0.0
6256;0.0
7753;0.0
9625;1.0
2226;1.0
1453;1.0
5304;1.0
3912;0.0
6639;1.0
9382;1.0
6455;1.0
9712;0.0
6592;1.0
740;0.0
601;1.0
10595;1.0
10187;0.0
8392;1.0
3032;1.0
9262;1.0
10410;1.0
9098;1.0
1030;1.0
500;0.0
10221;0.0
3577;1.0
3134;1.0
7957;0.0
3306;0.0
647;1.0
526;1.0
6359;1.0
10388;0.0
10742;1.0
6714;0.0
8128;1.0
3097;1.0
4850;0.0
8545;1.0
9677;1.0
6179;0.0
5679;1.0
9861;1.0
776;0.0
6474;1.0
8190;1.0
2663;0.0
1975;0.0
848;0.0
2893;1.0
10922;0.0
8691;0.0
4592;0.0
8609;0.0
6303;1.0
618;1.0
4457;0.0
3931;0.0
8008;0.0
3382;1.0
5364;0.0
608;0.0
4511;0.0
8748;0.0
11345;1.0
10982;0.0
10829;0.0
5257;0.0
5087;0.0
10664;1.0
1899;1.0
11151;1.0
5641;0.0
733;0.0
7936;1.0
11545;1.0
11729;1.0
9731;1.0
5968;1.0
5577;1.0
8004;1.0
4407;1.0
3583;0.0
1859;1.0
9674;0.0
7818;0.0
5476;1.0
1695;1.0
7749;0.0
6717;1.0
9490;0.0
11247;1.0
1585;0.0
1293;1.0
9534;1.0
11809;0.0
8654;0.0
5777;1.0
6482;1.0
3138;1.0
8643;0.0
1621;1.0
3254;1.0
7257;1.0
3105;1.0
1989;1.0
11132;0.0
6747;1.0
10127;1.0
10236;1.0
4148;1.0
4458;1.0
5405;0.0
5098;0.0
5992;0.0
11117;0.0
11259;1.0
11448;1.0
1412;1.0
3010;1.0
10353;1.0
5336;0.0
10733;1.0
9391;1.0
10877;1.0
47;1.0
67;1.0
876;1.0
742;1.0
6217;1.0
3090;0.0
2726;1.0
5779;1.0
2221;0.0
9913;1.0
23;0.0
3605;1.0
6637;0.0
1904;1.0
4998;1.0
10399;0.0
11401;1.0
5315;0.0
10295;0.0
6711;1.0
9336;1.0
10403;1.0
5182;1.0
8599;1.0
142;0.0
6510;0.0
6054;1.0
6784;1.0
9669;1.0
4119;1.0
1130;1.0
7811;1.0
2560;1.0
1009;0.0
8519;0.0
6617;1.0
3352;1.0
2999;1.0
11261;1.0
6257;1.0
851;1.0
7332;0.0
9736;1.0
3086;1.0
1086;0.0
11447;0.0
8476;1.0
8769;1.0
795;0.0
6507;0.0
9039;0.0
6240;0.0
3991;0.0
4760;1.0
4581;1.0
11621;0.0
2068;0.0
11040;1.0
9733;1.0
8793;1.0
10942;1.0
10104;0.0
5278;1.0
6495;1.0
1879;1.0
11053;0.0
6361;1.0
5168;0.0
2964;1.0
1688;1.0
2836;1.0
6645;0.0
7325;1.0
7614;1.0
7259;0.0
312;0.0
5024;1.0
1255;0.0
2659;1.0
8331;0.0
5984;1.0
5005;0.0
4082;0.0
8179;1.0
4487;1.0
9604;0.0
6386;0.0
6989;1.0
1402;0.0
7805;0.0
5684;1.0
2910;1.0
6436;1.0
6362;1.0
10467;0.0
8713;0.0
4024;1.0
10296;0.0
2872;1.0
8828;1.0
7195;0.0
405;1.0
1712;0.0
3716;1.0
9541;0.0
8930;1.0
4707;1.0
3165;0.0
3803;1.0
679;1.0
7378;0.0
3593;0.0
10831;0.0
2943;1.0
4724;0.0
6550;0.0
11508;0.0
4591;0.0
5735;1.0
3175;1.0
382;0.0
2146;1.0
6198;1.0
5823;0.0
11056;1.0
2065;0.0
5846;0.0
6579;1.0
4721;1.0
10226;1.0
9011;0.0
5141;1.0
2994;1.0
5558;1.0
1589;0.0
396;1.0
3758;1.0
9725;0.0
6366;1.0
9408;0.0
1685;0.0
6743;1.0
428;1.0
11437;0.0
7162;1.0
3889;1.0
2248;0.0
6153;1.0
10273;0.0
3098;1.0
2611;1.0
5958;1.0
10876;1.0
1665;1.0
5266;1.0
9683;0.0
7721;1.0
3686;0.0
34;1.0
9853;1.0
7883;0.0
8324;0.0
7975;0.0
10023;0.0
175;0.0
6603;1.0
7181;0.0
3572;0.0
6496;1.0
332;0.0
9610;1.0
9574;0.0
1877;0.0
8249;1.0
6858;0.0
10040;1.0
1110;0.0
2941;1.0
1544;0.0
9796;1.0
2837;1.0
11610;1.0
6805;1.0
4559;1.0
8027;0.0
4057;1.0
921;1.0
7830;1.0
4818;0.0
44;0.0
7984;1.0
392;0.0
9421;0.0
2242;1.0
3925;0.0
4227;1.0
11420;0.0
6611;0.0
1236;0.0
4;1.0
2170;1.0
4205;0.0
6350;1.0
10303;1.0
5040;1.0
11194;1.0
9940;0.0
2680;0.0
7266;1.0
7903;0.0
5433;0.0
936;0.0
9248;1.0
1408;1.0
9311;0.0
621;1.0
4988;1.0
11688;0.0
5232;0.0
7663;1.0
2827;0.0
364;0.0
237;1.0
9622;0.0
938;1.0
6770;1.0
3357;1.0
11207;0.0
6809;0.0
10488;0.0
2904;1.0
3100;1.0
6295;0.0
1075;0.0
4176;1.0
11283;1.0
10096;1.0
10992;0.0
636;0.0
8135;1.0
482;1.0
5632;0.0
5099;1.0
10852;0.0
4826;1.0
8970;1.0
1171;1.0
5323;0.0
10116;1.0
8322;1.0
941;1.0
5772;1.0
10435;1.0
2150;1.0
5633;1.0
3969;1.0
10143;0.0
1658;1.0
9689;1.0
10998;1.0
7850;0.0
1599;0.0
2746;1.0
1997;1.0
4686;1.0
2574;0.0
10489;1.0
1118;1.0
8783;1.0
6859;0.0
10198;1.0
6619;0.0
1965;0.0
7339;0.0
3253;0.0
3915;0.0
1874;0.0
3237;0.0
4330;0.0
7453;0.0
1211;1.0
4892;1.0
11245;1.0
11827;1.0
3223;1.0
1162;1.0
928;0.0
7355;0.0
1268;0.0
10009;1.0
6582;1.0
2664;1.0
1822;1.0
8225;0.0
8760;0.0
704;0.0
9999;1.0
5882;1.0
3147;1.0
11373;1.0
11428;1.0
3462;1.0
3035;1.0
9254;1.0
10738;1.0
6666;0.0
7005;0.0
1546;1.0
2374;0.0
4280;0.0
8384;1.0
11270;0.0
10633;0.0
6810;1.0
5696;0.0
11209;1.0
4710;1.0
6903;1.0
899;1.0
3993;1.0
7900;0.0
3190;0.0
1848;1.0
5394;1.0
11431;1.0
7822;1.0
2694;1.0
5870;1.0
10967;1.0
8024;1.0
702;1.0
6006;0.0
11467;0.0
11436;0.0
7184;1.0
5656;1.0
3104;1.0
3754;0.0
5593;0.0
8685;1.0
2142;1.0
48;1.0
10568;0.0
3984;1.0
9130;1.0
4172;0.0
3367;1.0
148;1.0
2318;1.0
10300;0.0
2834;1.0
8707;1.0
2496;0.0
6328;1.0
8091;1.0
11109;0.0
7003;1.0
7917;0.0
825;0.0
11299;0.0
3751;1.0
9084;0.0
9168;1.0
21;0.0
1269;0.0
2322;0.0
9676;1.0
2898;1.0
413;1.0
9875;0.0
7497;1.0
10868;1.0
11091;1.0
11519;0.0
11653;1.0
6560;0.0
8323;1.0
7875;1.0
1831;1.0
4865;1.0
7607;1.0
11597;1.0
10597;1.0
1315;0.0
5923;0.0
1430;0.0
4013;0.0
670;0.0
4586;0.0
1036;1.0
6405;0.0
9366;1.0
9078;1.0
6182;0.0
10521;1.0
2535;1.0
4902;0.0
8302;1.0
4785;1.0
251;1.0
9901;1.0
3110;1.0
3940;1.0
2400;0.0
9175;0.0
8907;1.0
546;1.0
5285;1.0
10072;0.0
1100;1.0
9192;1.0
9759;1.0
6599;1.0
2009;1.0
3248;1.0
6606;1.0
2570;0.0
706;1.0
93;1.0
2425;0.0
945;0.0
4158;0.0
3663;0.0
5401;0.0
4849;0.0
100;1.0
2741;1.0
1299;1.0
4699;0.0
1140;0.0
10580;0.0
3714;0.0
2409;1.0
7694;0.0
1801;1.0
10312;0.0
9826;1.0
8715;0.0
1114;0.0
8557;0.0
2089;1.0
1188;0.0
462;1.0
5624;0.0
2491;0.0
920;0.0
9760;1.0
4844;1.0
4731;0.0
5864;0.0
7910;0.0
4684;0.0
3298;1.0
5016;0.0
2883;0.0
11110;1.0
5076;1.0
9787;1.0
4854;1.0
3742;0.0
9595;1.0
745;1.0
2775;1.0
6396;0.0
10617;0.0
1909;1.0
1870;1.0
1169;1.0
6432;0.0
2728;1.0
1745;1.0
3435;1.0
11013;1.0
11634;0.0
9571;1.0
5785;1.0
11554;1.0
1446;0.0
4000;0.0
8762;0.0
7458;1.0
10767;0.0
7307;1.0
4625;1.0
1056;0.0
11549;0.0
6316;1.0
10152;0.0
5555;1.0
9358;0.0
1779;1.0
2053;1.0
1834;1.0
5491;1.0
11842;0.0
5759;1.0
8158;1.0
191;1.0
11671;1.0
8695;1.0
9369;0.0
2388;1.0
8488;1.0
2386;1.0
11155;1.0
10378;0.0
2482;0.0
8962;0.0
10448;1.0
68;1.0
4911;1.0
1839;0.0
3615;1.0
11233;1.0
8708;0.0
2175;1.0
8981;1.0
1932;1.0
3739;1.0
314;1.0
4562;0.0
4476;0.0
7124;0.0
3093;0.0
4410;0.0
2698;1.0
10479;0.0
259;1.0
9598;1.0
7921;0.0
7228;1.0
5793;0.0
3893;1.0
9539;0.0
11161;1.0
214;1.0
8507;1.0
10983;1.0
1154;1.0
1052;1.0
451;1.0
33;0.0
6998;0.0
2350;1.0
289;0.0
5412;0.0
6398;0.0
3390;1.0
6126;1.0
8580;1.0
3625;1.0
88;1.0
1913;1.0
5972;1.0
7616;1.0
2458;1.0
9894;0.0
408;0.0
9409;1.0
5608;1.0
10977;0.0
7076;1.0
11876;0.0
361;0.0
699;0.0
10117;1.0
10534;1.0
8342;0.0
8806;1.0
11503;1.0
2429;1.0
1438;0.0
6726;0.0
7346;1.0
9729;1.0
1460;0.0
1317;1.0
9649;0.0
366;0.0
1358;1.0
6490;0.0
11484;0.0
14;1.0
5299;1.0
10199;0.0
10778;1.0
9193;1.0
11101;0.0
8797;0.0
8104;0.0
8095;1.0
5061;0.0
2424;0.0
5933;1.0
11197;1.0
1210;0.0
1336;1.0
5771;1.0
6128;0.0
6576;0.0
10095;1.0
9059;0.0
1508;1.0
8404;0.0
4626;1.0
8914;1.0
6919;1.0
8652;1.0
220;0.0
8359;1.0
9741;0.0
11668;1.0
7517;0.0
2568;0.0
3384;0.0
1849;0.0
11454;0.0
1968;1.0
10124;1.0
4954;1.0
10732;0.0
4161;1.0
11673;0.0
2686;1.0
5191;1.0
11553;1.0
3469;1.0
10177;0.0
10838;1.0
7600;1.0
1755;0.0
6378;1.0
8496;1.0
5899;1.0
6017;1.0
6627;1.0
10417;1.0
7337;1.0
7216;0.0
9340;1.0
9415;0.0
7141;0.0
584;0.0
6556;0.0
10623;0.0
1731;1.0
7823;1.0
2798;1.0
10309;0.0
3938;0.0
9496;1.0
10976;1.0
1773;1.0
5570;0.0
843;1.0
10968;0.0
2735;0.0
10859;1.0
10054;1.0
4058;0.0
7925;0.0
4754;1.0
3724;1.0
2164;1.0
11582;1.0
10070;1.0
2960;0.0
8403;1.0
7716;0.0
4188;1.0
10369;1.0
3235;1.0
1104;0.0
3784;1.0
2239;1.0
3682;1.0
5008;1.0
11527;0.0
11179;1.0
1592;1.0
5682;1.0
2800;1.0
512;1.0
8587;1.0
1854;1.0
6413;0.0
1655;1.0
4146;1.0
6939;0.0
9403;0.0
6395;0.0
3379;1.0
8636;0.0
4772;0.0
491;1.0
11596;0.0
8837;0.0
6147;1.0
7557;0.0
6583;1.0
11888;1.0
3321;1.0
8371;0.0
10334;1.0
3179;1.0
4944;1.0
10407;1.0
2266;1.0
5527;0.0
10179;0.0
1657;0.0
18;1.0
4608;0.0
7930;1.0
5079;0.0
11748;0.0
8511;1.0
8569;1.0
10632;0.0
2563;1.0
3027;0.0
8317;0.0
6069;1.0
173;0.0
2737;0.0
8999;1.0
1586;0.0
10173;0.0
6479;0.0
9808;1.0
1566;0.0
8408;1.0
10699;1.0
6491;0.0
10359;1.0
2100;0.0
637;1.0
566;1.0
6243;0.0
6604;1.0
8443;0.0
10863;0.0
8788;0.0
3900;1.0
3677;0.0
10059;1.0
16;0.0
2537;1.0
5552;1.0
1447;1.0
6296;1.0
8943;1.0
1385;1.0
8948;0.0
2722;1.0
9243;0.0
3056;0.0
4288;1.0
9232;0.0
573;0.0
2375;1.0
10450;1.0
8676;1.0
2932;1.0
8951;0.0
8327;0.0
3548;1.0
1370;0.0
6878;1.0
7000;1.0
8552;1.0
5850;1.0
7929;0.0
3710;1.0
2578;1.0
9474;0.0
9173;1.0
4755;0.0
791;0.0
4624;1.0
11853;0.0
7620;0.0
4215;0.0
4987;0.0
8343;0.0
10193;1.0
8932;1.0
7354;1.0
6798;1.0
188;0.0
4924;0.0
5010;1.0
155;1.0
7896;1.0
11795;1.0
7633;1.0
11772;1.0
10659;1.0
577;1.0
7703;0.0
3713;0.0
6739;1.0
6709;1.0
11351;0.0
4187;0.0
3393;1.0
6369;1.0
5289;0.0
967;1.0
6372;0.0
7547;1.0
8307;1.0
1579;1.0
2302;0.0
8972;1.0
8818;1.0
1360;0.0
10566;1.0
5444;1.0
11237;1.0
9577;0.0
8878;0.0
2129;0.0
7659;1.0
3702;1.0
4964;1.0
5820;1.0
10041;0.0
6506;0.0
10430;1.0
750;0.0
3927;1.0
5625;1.0
574;0.0
11069;1.0
1536;1.0
2891;0.0
6212;1.0
1570;1.0
11807;1.0
755;1.0
5574;0.0
6843;0.0
3231;1.0
736;1.0
315;0.0
7715;1.0
7057;0.0
7664;1.0
6082;1.0
8251;0.0
8062;0.0
11339;0.0
7575;1.0
9911;1.0
1069;0.0
6558;1.0
10454;1.0
8646;1.0
3929;1.0
7902;1.0
9433;1.0
6393;1.0
8555;1.0
8556;1.0
1908;1.0
5147;0.0
8189;1.0
120;1.0
6152;1.0
11715;0.0
2650;0.0
3256;1.0
1492;1.0
10516;0.0
10869;1.0
6677;0.0
4126;0.0
1391;1.0
4155;1.0
1672;1.0
10071;1.0
5241;1.0
303;0.0
7626;1.0
2675;1.0
7841;1.0
1996;0.0
8854;1.0
52;1.0
10458;1.0
6480;1.0
11670;0.0
1340;0.0
409;0.0
1504;0.0
2527;0.0
7914;1.0
754;0.0
9646;0.0
8720;0.0
10784;0.0
3423;0.0
5508;0.0
3396;1.0
2817;0.0
741;0.0
715;0.0
5375;0.0
4077;0.0
731;1.0
7943;1.0
204;1.0
5014;1.0
266;0.0
11158;0.0
9749;0.0
144;0.0
4805;0.0
2780;0.0
11793;0.0
7652;0.0
2356;1.0
9383;0.0
76;1.0
10921;1.0
8578;1.0
1957;1.0
4068;1.0
3829;1.0
3863;0.0
7538;1.0
8977;0.0
5943;1.0
10827;1.0
6139;0.0
5265;1.0
5613;0.0
201;0.0
8122;0.0
10522;0.0
1869;1.0
4545;1.0
7581;1.0
5678;1.0
195;1.0
600;0.0
10517;0.0
5391;1.0
1045;1.0
5721;0.0
4400;0.0
11318;0.0
5859;1.0
2132;0.0
1382;1.0
8579;0.0
1637;0.0
9063;0.0
11266;1.0
4052;0.0
11149;1.0
3547;1.0
3721;0.0
11174;0.0
8364;1.0
9985;0.0
1157;1.0
11712;1.0
4100;1.0
10520;1.0
3120;1.0
10286;0.0
3444;1.0
2819;0.0
10720;0.0
5994;1.0
8013;1.0
6688;1.0
1962;1.0
11406;0.0
8299;1.0
6407;1.0
8597;1.0
2395;0.0
7727;0.0
2183;1.0
4437;1.0
4597;1.0
6905;1.0
5583;0.0
5716;1.0
4753;1.0
10823;1.0
11037;1.0
2853;1.0
3571;1.0
11837;1.0
5301;1.0
5578;1.0
1318;1.0
6181;1.0
769;1.0
1740;1.0
1343;1.0
273;0.0
8084;1.0
11496;1.0
4584;1.0
5654;1.0
1486;0.0
3955;0.0
420;0.0
6504;0.0
4195;0.0
7149;1.0
2526;0.0
4427;1.0
884;0.0
8936;1.0
8814;0.0
6442;1.0
3998;1.0
626;0.0
8734;0.0
2438;1.0
8413;1.0
9495;1.0
2731;0.0
3031;0.0
11201;0.0
10313;1.0
2159;0.0
4715;1.0
3046;0.0
8200;1.0
6477;1.0
10460;0.0
786;0.0
2153;1.0
6640;1.0
3590;1.0
2638;1.0
8238;0.0
9033;0.0
533;1.0
6375;0.0
6309;1.0
993;1.0
11488;1.0
4898;0.0
8180;1.0
3466;0.0
6853;1.0
6371;1.0
4461;0.0
4521;1.0
7409;0.0
676;1.0
5339;1.0
3312;0.0
2914;1.0
5606;1.0
3449;1.0
1623;0.0
6780;0.0
7787;1.0
7577;1.0
507;1.0
1595;1.0
3952;0.0
11686;0.0
2473;0.0
11883;1.0
3782;1.0
6940;0.0
3096;0.0
6720;0.0
3708;0.0
8985;1.0
10336;0.0
10183;1.0
6762;0.0
2245;0.0
10414;0.0
19;1.0
1686;1.0
9187;1.0
5802;1.0
9809;0.0
10782;0.0
3986;1.0
5478;1.0
2975;1.0
7865;1.0
11716;0.0
10945;1.0
3919;0.0
9205;1.0
5826;0.0
6255;0.0
7060;0.0
798;1.0
2912;1.0
3041;1.0
6538;0.0
1790;1.0
398;0.0
3956;1.0
81;1.0
3416;0.0
10125;0.0
384;1.0
10925;1.0
10175;0.0
1497;1.0
743;1.0
10441;1.0
8335;1.0
283;1.0
10679;1.0
3515;1.0
10783;0.0
5223;1.0
2635;1.0
10148;0.0
2241;0.0
7414;0.0
845;0.0
1434;1.0
8118;1.0
11529;1.0
6598;1.0
7050;1.0
756;0.0
4020;0.0
11583;0.0
2534;1.0
9836;1.0
8050;1.0
3813;0.0
2379;1.0
8483;0.0
6048;1.0
11301;1.0
4923;1.0
5666;1.0
8777;1.0
1523;0.0
5814;0.0
5193;0.0
987;0.0
539;1.0
5019;1.0
9278;0.0
5789;0.0
2416;1.0
10184;1.0
2237;0.0
8207;1.0
4700;0.0
8573;0.0
6487;1.0
3657;0.0
3160;1.0
4984;0.0
5936;1.0
11453;1.0
2412;1.0
11478;1.0
10570;0.0
10323;1.0
3509;1.0
1636;0.0
5896;0.0
3162;1.0
6856;1.0
2321;1.0
9271;0.0
9896;0.0
8515;1.0
412;1.0
5129;1.0
3770;0.0
11225;0.0
8858;0.0
7118;1.0
4114;0.0
5088;1.0
7961;1.0
4766;0.0
8629;1.0
11700;1.0
7275;1.0
6370;1.0
454;1.0
5163;1.0
961;1.0
4952;1.0
6162;1.0
5069;0.0
472;1.0
10853;1.0
10440;1.0
5649;1.0
1860;0.0
9762;1.0
10627;0.0
3430;0.0
10989;1.0
3559;1.0
10078;0.0
5492;1.0
7801;1.0
11660;0.0
9892;0.0
1000;1.0
2894;1.0
956;0.0
930;1.0
8;0.0
182;0.0
1867;1.0
711;0.0
5675;1.0
5490;1.0
4037;1.0
4916;0.0
3540;1.0
932;1.0
11329;0.0
6055;1.0
10888;1.0
5720;1.0
5780;0.0
10901;0.0
3204;1.0
7778;1.0
10130;0.0
3366;0.0
10333;1.0
5103;1.0
11657;0.0
7842;1.0
694;1.0
5762;0.0
9018;0.0
4572;1.0
5818;1.0
1906;0.0
8998;1.0
3427;1.0
11195;1.0
1797;1.0
3263;0.0
5831;1.0
10693;0.0
7534;1.0
6563;1.0
9705;0.0
10730;1.0
6834;1.0
9788;1.0
1825;0.0
10277;0.0
9784;1.0
5582;1.0
8046;1.0
11279;1.0
1062;0.0
10706;1.0
6261;0.0
10409;1.0
7677;1.0
1455;0.0
7175;0.0
8208;1.0
3331;1.0
9941;1.0
11581;1.0
9152;1.0
7898;1.0
9394;1.0
1487;1.0
1439;1.0
5209;1.0
4218;0.0
2254;0.0
5605;0.0
4170;0.0
690;0.0
4189;1.0
6357;1.0
5054;1.0
329;1.0
11335;0.0
2619;1.0
5426;0.0
10457;1.0
2072;0.0
10066;1.0
6758;1.0
739;0.0
3946;0.0
3401;1.0
1763;0.0
4743;1.0
5486;0.0
5529;1.0
1707;0.0
9528;0.0
3497;1.0
11115;1.0
5645;1.0
2761;0.0
8859;1.0
4750;1.0
7415;1.0
4043;1.0
11177;1.0
943;0.0
5362;0.0
1945;1.0
6023;0.0
5551;1.0
2810;0.0
7539;1.0
8746;1.0
5559;0.0
4736;1.0
3921;1.0
1001;0.0
2588;0.0
9140;1.0
2057;0.0
9276;0.0
11409;0.0
6161;1.0
203;1.0
393;0.0
3624;0.0
6330;1.0
10834;1.0
4243;1.0
5157;1.0
11215;1.0
6426;0.0
8242;1.0
5086;0.0
4426;1.0
6383;1.0
9917;1.0
2493;1.0
7015;1.0
7722;1.0
5138;0.0
10515;0.0
3137;1.0
7647;1.0
11870;0.0
11159;1.0
2589;1.0
10083;1.0
4963;1.0
638;1.0
205;1.0
2858;0.0
9946;0.0
1561;1.0
3117;0.0
4346;1.0
4204;1.0
8637;1.0
57;0.0
1272;0.0
4541;0.0
11402;1.0
5691;0.0
3378;0.0
9204;0.0
10384;1.0
2522;1.0
4746;1.0
3185;0.0
9184;1.0
4065;0.0
4636;0.0
5815;0.0
5346;0.0
4419;0.0
7645;0.0
2287;0.0
1907;1.0
8960;0.0
6159;1.0
1527;0.0
9967;1.0
4087;1.0
4120;0.0
6457;0.0
8866;1.0
6403;1.0
7642;1.0
5498;0.0
9484;0.0
3641;0.0
1884;0.0
4329;1.0
8671;1.0
8892;1.0
6667;0.0
1541;1.0
9487;1.0
5196;1.0
5378;0.0
272;0.0
9285;0.0
9792;1.0
5788;0.0
8042;1.0
9395;1.0
3337;1.0
7260;0.0
1017;0.0
8447;0.0
2014;0.0
681;1.0
10540;0.0
7567;1.0
8816;0.0
4642;0.0
149;1.0
11889;0.0
1738;0.0
5978;0.0
9821;0.0
10695;1.0
11818;1.0
8142;1.0
9738;0.0
8365;0.0
8886;1.0
2601;0.0
1132;1.0
760;0.0
8153;0.0
10625;0.0
7731;1.0
3012;0.0
11601;1.0
7207;1.0
10728;0.0
2673;1.0
9619;0.0
9848;1.0
8520;1.0
1064;0.0
365;0.0
10558;1.0
348;1.0
1556;0.0
448;1.0
6244;1.0
7225;1.0
10465;1.0
8256;0.0
11580;0.0
2085;0.0
3687;1.0
9116;1.0
1769;0.0
9255;0.0
7643;1.0
995;0.0
4405;0.0
10475;1.0
7278;1.0
4835;1.0
6591;0.0
7049;1.0
2617;1.0
11718;1.0
10426;0.0
4512;1.0
4814;0.0
6822;1.0
1609;0.0
10123;1.0
1079;1.0
11528;1.0
7203;0.0
1956;1.0
1115;0.0
10980;1.0
6813;0.0
7488;0.0
1836;1.0
7462;1.0
9392;1.0
10701;0.0
6333;0.0
6226;1.0
1182;0.0
8589;1.0
4099;1.0
519;1.0
609;0.0
5573;1.0
5262;0.0
1984;0.0
11466;0.0
11071;1.0
1354;1.0
6881;1.0
1725;1.0
5644;1.0
4127;0.0
1464;1.0
2695;1.0
5563;1.0
8110;1.0
4331;0.0
11304;0.0
7565;0.0
4695;0.0
11423;0.0
7570;0.0
5843;0.0
11440;0.0
9377;1.0
2464;0.0
8199;1.0
6058;1.0
5728;1.0
5602;1.0
3440;1.0
6613;1.0
3501;1.0
1767;1.0
287;0.0
1818;1.0
6127;1.0
3224;0.0
10647;1.0
11313;1.0
429;1.0
691;0.0
4549;0.0
11368;0.0
1702;1.0
10062;1.0
4291;1.0
6505;1.0
8742;1.0
9103;0.0
4396;1.0
2334;0.0
168;0.0
8931;0.0
2993;0.0
6698;0.0
6647;0.0
1333;1.0
8353;1.0
9523;0.0
221;1.0
50;0.0
137;1.0
1792;1.0
668;0.0
1495;0.0
10451;1.0
7317;0.0
2127;1.0
4822;0.0
2262;0.0
10850;1.0
7014;1.0
7432;1.0
4671;1.0
856;1.0
3309;1.0
1547;1.0
9968;0.0
8414;0.0
5416;0.0
2654;0.0
5199;1.0
6489;0.0
10168;0.0
4827;0.0
7433;0.0
3787;0.0
5402;1.0
118;1.0
6224;1.0
10514;1.0
1218;1.0
6866;1.0
3907;0.0
6345;0.0
4135;1.0
981;1.0
4607;1.0
3354;1.0
11455;1.0
3355;1.0
2829;1.0
1095;1.0
3790;1.0
4938;0.0
2705;1.0
4482;1.0
1053;1.0
10668;0.0
1275;1.0
9560;0.0
4336;0.0
3658;1.0
4304;0.0
5957;1.0
8049;1.0
2404;1.0
5686;1.0
4379;1.0
4665;0.0
3578;1.0
10972;0.0
7310;0.0
2276;1.0
5318;1.0
2577;0.0
4324;1.0
5453;1.0
4508;0.0
9584;1.0
5236;1.0
9642;0.0
11362;1.0
4335;1.0
11732;0.0
11637;0.0
2929;0.0
2806;1.0
2118;0.0
9640;0.0
11396;1.0
5718;1.0
231;0.0
10452;0.0
6007;1.0
1883;1.0
1706;0.0
2158;1.0
6974;1.0
9290;0.0
85;0.0
3595;0.0
9166;1.0
2859;1.0
2882;1.0
4697;1.0
7658;1.0
978;0.0
1924;1.0
9909;1.0
9772;0.0
381;1.0
5063;0.0
7352;1.0
5600;1.0
6901;1.0
4641;0.0
1748;0.0
1152;0.0
2145;1.0
4867;1.0
10715;0.0
9404;1.0
8260;0.0
5417;1.0
10033;1.0
3766;0.0
6103;0.0
7868;0.0
6839;1.0
2714;1.0
10299;0.0
3115;1.0
7232;1.0
3957;1.0
2101;0.0
3227;1.0
4140;0.0
10964;1.0
10582;1.0
6355;1.0
6228;1.0
645;0.0
9511;1.0
7933;1.0
3508;1.0
9666;1.0
5737;0.0
2343;1.0
4045;1.0
1203;1.0
8522;1.0
6791;1.0
1320;0.0
2494;1.0
6972;1.0
11036;1.0
7283;1.0
8728;0.0
6764;1.0
2626;1.0
9195;1.0
10185;0.0
8445;1.0
7992;0.0
8296;1.0
3891;1.0
8427;0.0
3704;1.0
7554;1.0
3360;0.0
7707;1.0
5795;1.0
4711;0.0
11794;1.0
7887;1.0
1375;0.0
11491;1.0
3661;0.0
4578;1.0
2025;0.0
2857;1.0
6831;0.0
4717;1.0
982;0.0
2743;0.0
8053;1.0
4465;0.0
1241;1.0
6321;1.0
2629;0.0
9224;1.0
5156;1.0
2081;1.0
10974;1.0
5341;1.0
8712;0.0
10103;0.0
9121;1.0
1656;1.0
2195;1.0
1921;1.0
5713;1.0
5228;1.0
4254;1.0
9880;0.0
8268;1.0
1199;1.0
1291;1.0
6620;1.0
1866;0.0
11365;1.0
7300;0.0
5313;1.0
7299;0.0
337;1.0
4056;1.0
3292;0.0
10734;1.0
37;1.0
6920;1.0
11348;1.0
1404;1.0
3415;1.0
2750;0.0
1245;0.0
11846;1.0
8166;0.0
3838;1.0
9746;0.0
4284;1.0
8753;1.0
9321;0.0
6113;1.0
2539;0.0
4059;0.0
2602;0.0
11226;0.0
11739;1.0
1639;0.0
10057;0.0
10231;1.0
713;0.0
11429;1.0
9379;1.0
9814;0.0
1427;0.0
4249;0.0
9092;1.0
5272;0.0
509;0.0
9322;1.0
8798;1.0
1070;1.0
2012;0.0
3685;1.0
7064;1.0
5542;1.0
4503;0.0
2504;1.0
3473;0.0
7571;1.0
5251;0.0
8540;0.0
6648;1.0
9252;1.0
9345;0.0
4558;1.0
9996;0.0
890;0.0
1941;1.0
11282;1.0
8974;1.0
11816;0.0
10524;1.0
7606;0.0
9891;1.0
7053;1.0
8156;0.0
7176;1.0
6305;0.0
6125;1.0
4994;0.0
9238;1.0
10578;1.0
7637;1.0
4096;1.0
9840;1.0
1406;0.0
9790;0.0
6581;1.0
8462;1.0
6915;1.0
2861;1.0
6268;1.0
8775;1.0
8285;0.0
10159;1.0
6529;0.0
7816;1.0
9721;0.0
6494;1.0
1917;1.0
2330;0.0
951;1.0
1940;1.0
5398;1.0
5455;1.0
6027;0.0
5489;1.0
4893;0.0
7080;1.0
4557;1.0
9176;1.0
4920;1.0
6266;1.0
4698;0.0
893;1.0
7996;0.0
4561;1.0
5920;1.0
10756;1.0
4888;0.0
5247;0.0
5242;1.0
1242;1.0
5149;0.0
3709;1.0
3905;1.0
2209;1.0
10094;0.0
2864;1.0
10844;0.0
501;1.0
1700;0.0
10744;1.0
1593;1.0
2347;0.0
7750;0.0
9307;0.0
9537;1.0
11800;1.0
9257;0.0
6962;1.0
7743;1.0
6502;1.0
9378;1.0
7233;1.0
3028;0.0
6141;0.0
1091;1.0
5659;1.0
2682;0.0
6733;1.0
10991;0.0
6990;1.0
10091;1.0
1326;0.0
7288;0.0
8181;1.0
10463;0.0
1981;0.0
10867;1.0
11316;0.0
11754;0.0
4687;1.0
11292;1.0
10114;0.0
1625;0.0
3662;0.0
5516;1.0
1929;1.0
1677;1.0
8022;0.0
9600;1.0
8006;1.0
5615;0.0
9846;0.0
6893;0.0
7068;1.0
531;1.0
1329;1.0
5681;1.0
6005;0.0
11472;0.0
610;0.0
2272;0.0
11181;1.0
6106;0.0
5945;0.0
10155;1.0
11828;1.0
3516;1.0
1608;0.0
2078;0.0
652;1.0
9722;0.0
3441;0.0
10254;1.0
5910;1.0
11787;1.0
2525;0.0
7911;0.0
11727;0.0
5222;0.0
4150;1.0
1462;1.0
8266;1.0
8756;0.0
8723;0.0
11648;1.0
174;1.0
4600;1.0
11027;0.0
2488;1.0
7574;1.0
9735;1.0
4637;0.0
394;0.0
4505;1.0
11452;1.0
7165;1.0
3563;0.0
6192;0.0
722;1.0
5784;0.0
6680;1.0
11811;0.0
10166;1.0
5643;1.0
8887;0.0
5847;1.0
4403;1.0
8683;0.0
145;0.0
7116;1.0
4975;1.0
2166;1.0
6277;1.0
2747;1.0
9858;1.0
5751;1.0
7846;1.0
8448;1.0
1601;0.0
2092;1.0
73;1.0
7013;0.0
5264;1.0
10542;0.0
4040;1.0
376;1.0
974;1.0
82;0.0
6460;0.0
3079;1.0
7788;1.0
11395;1.0
10808;1.0
4181;1.0
6590;0.0
5102;1.0
8458;1.0
11142;1.0
7069;1.0
2793;1.0
7769;1.0
4138;1.0
3526;1.0
11280;1.0
4443;0.0
4800;0.0
11231;0.0
5143;1.0
3353;0.0
5004;1.0
11289;0.0
6760;1.0
9986;1.0
1852;1.0
1582;1.0
4948;1.0
9862;0.0
9939;0.0
749;0.0
4221;0.0
10724;0.0
1626;0.0
8658;0.0
8611;1.0
2606;1.0
10438;1.0
5239;1.0
5597;0.0
8487;1.0
75;1.0
7246;0.0
5302;1.0
7108;1.0
8588;1.0
3606;0.0
10948;1.0
6549;0.0
5760;1.0
8067;0.0
4618;1.0
1648;0.0
7971;1.0
1936;1.0
10766;1.0
4314;1.0
1054;1.0
3821;0.0
1482;1.0
5340;1.0
2295;1.0
9212;0.0
10196;1.0
5104;1.0
10703;1.0
1426;0.0
2116;0.0
11276;0.0
1538;0.0
6039;1.0
1195;1.0
1388;1.0
999;1.0
6063;1.0
3945;1.0
11636;1.0
6995;0.0
9286;0.0
2268;1.0
887;0.0
4285;1.0
2415;1.0
11774;1.0
3566;0.0
1502;0.0
1389;1.0
6728;0.0
2467;1.0
8802;1.0
7218;1.0
4925;0.0
476;1.0
9872;1.0
7441;1.0
1750;1.0
3890;1.0
2352;0.0
5334;1.0
9988;0.0
11098;0.0
6750;1.0
8510;0.0
129;1.0
3163;1.0
2032;0.0
7986;1.0
6555;0.0
1703;1.0
3920;0.0
2403;1.0
7349;1.0
809;1.0
8341;1.0
1341;1.0
1351;0.0
9754;1.0
7746;0.0
8074;0.0
4424;1.0
1569;1.0
663;0.0
126;0.0
7190;0.0
4995;0.0
3036;1.0
757;1.0
7579;1.0
3830;1.0
5411;1.0
11644;1.0
9220;1.0
10246;1.0
9174;1.0
6122;1.0
3316;1.0
5185;0.0
10317;1.0
3052;1.0
10685;0.0
11738;1.0
6513;1.0
2346;1.0
1722;1.0
11265;1.0
1522;1.0
6205;0.0
7611;1.0
2712;1.0
5300;1.0
8431;1.0
6828;1.0
9402;1.0
6052;1.0
10385;1.0
7981;0.0
10139;0.0
2263;1.0
7201;0.0
199;0.0
10560;0.0
3513;0.0
2069;0.0
3436;0.0
6625;1.0
10007;1.0
5249;1.0
4912;0.0
7297;1.0
11790;1.0
411;0.0
10605;0.0
5440;0.0
2220;0.0
2029;1.0
457;1.0
10180;1.0
1253;1.0
6665;0.0
2151;1.0
6535;1.0
7615;0.0
9494;0.0
8690;1.0
4070;0.0
9201;0.0
3081;1.0
762;1.0
6673;1.0
298;1.0
387;1.0
1378;0.0
6222;1.0
3774;1.0
9658;1.0
5166;0.0
5291;1.0
3924;0.0
5482;1.0
2181;0.0
10379;1.0
4061;0.0
9329;1.0
6864;0.0
2214;0.0
1846;0.0
3426;0.0
3542;1.0
8808;1.0
123;1.0
11746;1.0
5505;0.0
7977;1.0
9326;1.0
4250;0.0
2363;0.0
4343;1.0
8675;0.0
5288;0.0
11288;0.0
8423;1.0
2770;0.0
7738;0.0
4358;1.0
7324;0.0
7399;0.0
7858;1.0
1040;0.0
6543;1.0
9795;0.0
7243;1.0
3407;1.0
9933;0.0
6286;0.0
9373;0.0
714;1.0
2803;1.0
217;1.0
6660;0.0
3281;1.0
9889;1.0
6390;0.0
11801;0.0
9057;0.0
9509;1.0
8103;0.0
7196;1.0
6235;1.0
10165;1.0
8075;1.0
5786;0.0
5825;1.0
1681;1.0
2899;1.0
2249;0.0
11443;0.0
4878;0.0
5441;1.0
9448;1.0
11516;0.0
10934;1.0
7759;1.0
10347;1.0
5023;1.0
4730;0.0
7545;1.0
3869;1.0
11664;0.0
4763;0.0
2528;1.0
92;0.0
734;1.0
6419;1.0
8993;1.0
3504;0.0
1323;0.0
5565;0.0
9742;0.0
5371;0.0
317;1.0
146;0.0
11295;0.0
2615;0.0
433;0.0
1771;1.0
11613;1.0
858;1.0
3174;0.0
11533;1.0
5827;1.0
2575;1.0
4225;0.0
3561;0.0
9327;0.0
3071;1.0
10244;0.0
1046;1.0
11047;0.0
5071;0.0
9221;1.0
2752;0.0
1994;0.0
5122;0.0
5407;1.0
855;1.0
2842;0.0
6833;1.0
2140;0.0
2190;0.0
10398;1.0
9293;1.0
5202;1.0
907;0.0
3834;1.0
3365;0.0
4088;0.0
8226;1.0
8102;1.0
134;1.0
3461;1.0
10402;0.0
6997;1.0
10076;1.0
9427;0.0
10297;1.0
8576;0.0
5128;1.0
3951;0.0
72;0.0
6011;1.0
3146;0.0
6530;1.0
11643;1.0
3740;0.0
446;1.0
11773;0.0
10406;0.0
7737;1.0
5636;0.0
6095;0.0
2713;0.0
406;1.0
7558;0.0
8258;0.0
3024;0.0
5084;1.0
2755;1.0
11188;1.0
9876;0.0
1002;1.0
10657;1.0
6552;0.0
9767;1.0
4861;1.0
9227;1.0
8736;1.0
1987;1.0
11826;0.0
9301;0.0
547;1.0
7834;1.0
8698;0.0
6941;1.0
8660;1.0
3705;1.0
7197;0.0
4573;0.0
6795;0.0
3413;1.0
8325;1.0
154;0.0
470;0.0
8126;1.0
6430;0.0
2437;1.0
3570;1.0
6227;1.0
6519;0.0
11745;1.0
10636;0.0
6559;1.0
5913;0.0
2792;1.0
5980;1.0
2988;0.0
2011;0.0
2802;1.0
5906;0.0
9757;1.0
7251;0.0
2764;1.0
1398;1.0
7641;1.0
8505;1.0
5248;0.0
460;1.0
988;0.0
11514;0.0
9426;0.0
10447;1.0
2706;1.0
7668;1.0
2327;1.0
9330;1.0
2300;1.0
2271;1.0
6914;1.0
10846;1.0
10000;1.0
11150;0.0
8089;0.0
9091;1.0
8145;1.0
5210;0.0
7139;1.0
8969;0.0
5414;0.0
4518;0.0
10836;1.0
8045;0.0
6946;1.0
4152;0.0
6279;0.0
10085;1.0
11031;0.0
2035;1.0
1224;0.0
5195;1.0
1720;1.0
157;0.0
11413;1.0
2484;1.0
944;1.0
2501;1.0
10683;1.0
4884;1.0
11631;1.0
3926;1.0
5458;1.0
2399;1.0
4117;1.0
10191;1.0
11284;1.0
10761;0.0
1217;1.0
128;0.0
6630;0.0
3408;0.0
1093;0.0
2740;0.0
3217;1.0
6655;1.0
2201;1.0
375;1.0
6056;1.0
4264;0.0
10727;1.0
4875;1.0
7031;0.0
11594;1.0
10048;0.0
258;1.0
8098;0.0
390;0.0
8904;1.0
7972;1.0
10674;1.0
10933;1.0
3386;1.0
10395;0.0
4105;1.0
4681;1.0
8471;0.0
6642;1.0
2511;1.0
6623;0.0
8144;0.0
3078;0.0
3229;0.0
10477;0.0
6040;0.0
3914;1.0
8407;1.0
10780;1.0
2887;0.0
9510;1.0
10389;1.0
2928;1.0
10271;1.0
10779;0.0
8615;1.0
3903;1.0
8252;0.0
6312;1.0
8716;1.0
3818;1.0
6894;0.0
6338;0.0
8929;0.0
3804;0.0
11389;0.0
11698;0.0
1355;1.0
4836;0.0
11048;0.0
846;1.0
10065;1.0
8319;0.0
9546;1.0
1805;1.0
7331;1.0
1223;1.0
5319;0.0
5676;0.0
4062;0.0
11012;1.0
1574;1.0
7793;1.0
1878;0.0
9802;0.0
5743;0.0
3744;1.0
8130;0.0
5891;0.0
1106;0.0
4411;1.0
9414;0.0
10665;0.0
1922;1.0
10897;1.0
689;1.0
3877;1.0
461;0.0
323;1.0
8178;0.0
4071;1.0
4529;0.0
4768;1.0
6904;1.0
11244;1.0
2233;1.0
11640;1.0
877;0.0
8774;1.0
2387;0.0
6845;0.0
9799;1.0
595;0.0
8791;1.0
8780;0.0
4433;1.0
8549;1.0
6503;1.0
5537;1.0
2063;1.0
4151;0.0
10608;0.0
6520;1.0
5550;0.0
10854;0.0
5711;1.0
6252;0.0
5181;0.0
5052;0.0
4645;1.0
9711;1.0
669;1.0
7650;1.0
9473;1.0
2651;0.0
8383;1.0
9753;0.0
1794;1.0
2325;0.0
11281;1.0
8345;1.0
8493;1.0
11592;0.0
650;1.0
3260;1.0
9452;0.0
1048;0.0
4481;0.0
8068;1.0
1067;0.0
5672;0.0
10616;1.0
10377;1.0
1193;1.0
10205;1.0
5732;1.0
9398;0.0
8979;1.0
11055;1.0
5203;1.0
4121;0.0
4516;1.0
318;0.0
8036;1.0
7309;0.0
6439;1.0
4478;1.0
1003;1.0
1359;0.0
6511;1.0
4412;1.0
642;1.0
508;1.0
10045;0.0
9948;1.0
640;1.0
2796;1.0
3325;1.0
5350;0.0
4222;1.0
9120;0.0
8956;1.0
1394;0.0
11312;1.0
4464;0.0
452;1.0
6050;1.0
2095;0.0
6100;1.0
6206;0.0
6922;0.0
6768;1.0
2034;1.0
6172;1.0
7700;1.0
4493;1.0
2584;1.0
11862;0.0
11571;0.0
5604;1.0
2903;1.0
5360;1.0
593;0.0
212;0.0
11854;1.0
3168;1.0
3361;1.0
6364;1.0
11843;0.0
340;0.0
2957;1.0
3545;1.0
8514;0.0
7161;0.0
5905;0.0
9178;1.0
4889;0.0
10109;1.0
3979;0.0
3103;1.0
1938;0.0
4628;1.0
11057;1.0
11108;1.0
6320;1.0
5400;1.0
1410;1.0
11093;0.0
5829;1.0
6610;1.0
748;1.0
11220;1.0
4974;0.0
5380;0.0
2218;0.0
477;1.0
9177;1.0
1617;0.0
5619;1.0
5997;1.0
7345;1.0
11382;0.0
5767;0.0
548;0.0
7343;1.0
10835;1.0
863;0.0
3487;0.0
10781;0.0
7845;1.0
10219;0.0
2383;1.0
7537;1.0
11717;1.0
5702;1.0
1037;0.0
8438;1.0
538;1.0
8303;0.0
10412;1.0
9950;0.0
4830;1.0
7944;1.0
8155;1.0
7745;0.0
2645;0.0
10792;1.0
10646;1.0
2451;1.0
7239;1.0
1690;0.0
2456;0.0
4876;0.0
7960;0.0
3532;1.0
9113;1.0
9920;0.0
4317;0.0
4153;0.0
8770;0.0
8634;1.0
7836;1.0
2099;0.0
2908;1.0
10870;1.0
5234;0.0
6981;1.0
8173;1.0
1125;1.0
7170;0.0
2944;0.0
5055;1.0
9318;1.0
7814;0.0
3358;1.0
1588;1.0
3511;1.0
3936;1.0
8645;1.0
3988;1.0
8577;0.0
3397;1.0
5753;0.0
1335;0.0
989;1.0
8662;0.0
11017;1.0
141;1.0
10528;1.0
8478;1.0
7353;0.0
11812;1.0
6427;1.0
1961;1.0
2373;1.0
5224;1.0
5579;0.0
1252;1.0
209;0.0
3598;1.0
7056;1.0
4714;0.0
5651;1.0
1042;1.0
7111;0.0
6324;0.0
5946;0.0
3806;1.0
8964;0.0
540;1.0
10362;1.0
4165;1.0
6766;1.0
5963;1.0
9277;1.0
7470;1.0
5756;0.0
5250;1.0
6790;0.0
7009;1.0
3213;1.0
4494;1.0
4900;0.0
11890;1.0
1982;0.0
7698;1.0
4239;1.0
342;1.0
1752;1.0
4644;1.0
6137;1.0
5790;1.0
3127;1.0
5739;1.0
7878;0.0
3666;0.0
6980;1.0
5034;1.0
9428;0.0
1022;1.0
7585;0.0
7249;1.0
3786;1.0
1580;1.0
169;1.0
8542;0.0
616;0.0
4956;1.0
7772;1.0
10919;1.0
6083;0.0
8009;0.0
9209;1.0
2250;1.0
4006;1.0
10346;0.0
9899;1.0
2961;1.0
1711;1.0
2630;0.0
2980;0.0
10482;1.0
10754;1.0
11104;0.0
7825;1.0
6229;1.0
8583;0.0
6732;0.0
6752;1.0
8848;1.0
3116;0.0
9407;1.0
886;1.0
2551;0.0
583;1.0
10694;0.0
8565;0.0
1216;1.0
10938;1.0
5754;1.0
11426;1.0
4966;1.0
9559;0.0
2920;0.0
11561;0.0
3381;0.0
8301;1.0
8439;1.0
6597;1.0
10649;1.0
1415;0.0
632;0.0
7979;1.0
6886;1.0
9990;0.0
7006;0.0
5861;0.0
1197;0.0
5134;1.0
1397;0.0
2457;0.0
4414;1.0
1347;0.0
2028;1.0
925;0.0
6883;0.0
46;1.0
3001;0.0
11136;0.0
3023;1.0
4538;0.0
11293;1.0
11346;1.0
1778;1.0
10538;1.0
236;1.0
5710;1.0
2138;1.0
4885;0.0
8694;1.0
1876;0.0
3302;0.0
300;1.0
9544;0.0
4869;0.0
5903;1.0
912;0.0
7115;0.0
3319;1.0
7982;1.0
8386;0.0
11802;0.0
7262;0.0
10740;1.0
4190;0.0
4833;0.0
1600;0.0
3848;0.0
8485;0.0
11744;1.0
7758;0.0
9420;0.0
7484;0.0
11121;1.0
3269;1.0
4673;0.0
9071;0.0
7258;0.0
10427;1.0
9253;1.0
5502;1.0
10368;1.0
6626;0.0
2799;0.0
8138;1.0
4773;0.0
2826;1.0
9841;1.0
10382;1.0
2440;1.0
10431;0.0
11743;1.0
7112;0.0
60;0.0
6624;1.0
5637;0.0
11755;1.0
7104;1.0
5462;1.0
2875;1.0
5326;1.0
6525;1.0
11267;1.0
759;0.0
4351;0.0
10791;1.0
216;1.0
10914;0.0
2621;1.0
7724;0.0
783;0.0
557;1.0
8942;1.0
2877;1.0
2380;1.0
8171;1.0
985;1.0
8283;0.0
9877;0.0
7678;1.0
8366;1.0
7220;0.0
2070;0.0
4992;0.0
3729;1.0
7765;0.0
7493;1.0
3468;1.0
6326;0.0
7799;1.0
7705;1.0
6615;1.0
5556;1.0
5638;1.0
4652;0.0
10017;0.0
9626;0.0
11522;0.0
8289;0.0
6785;1.0
10518;0.0
3432;1.0
8204;0.0
150;0.0
6049;1.0
935;1.0
10849;1.0
8945;0.0
9904;1.0
5898;1.0
11567;0.0
5750;0.0
10512;0.0
10265;1.0
410;1.0
7157;1.0
1751;1.0
9878;0.0
2622;1.0
11018;0.0
839;0.0
3410;0.0
2992;0.0
6897;1.0
7383;1.0
2372;1.0
2432;1.0
102;0.0
9062;0.0
3645;0.0
7440;0.0
4904;1.0
2120;0.0
4318;0.0
2149;0.0
5699;1.0
7662;1.0
5774;0.0
4295;0.0
11649;0.0
6499;0.0
3249;0.0
8096;0.0
8041;1.0
1201;0.0
6060;0.0
7828;0.0
11249;1.0
4547;1.0
9607;1.0
3573;1.0
3760;1.0
5652;1.0
3479;1.0
7134;1.0
184;1.0
5622;1.0
7236;1.0
6285;1.0
4907;1.0
6175;1.0
11693;0.0
8099;0.0
8398;0.0
5722;0.0
5006;1.0
297;1.0
6699;1.0
3499;0.0
8354;1.0
7326;1.0
1727;1.0
6140;1.0
6812;0.0
7812;0.0
6797;1.0
9819;0.0
5130;0.0
4789;1.0
5567;0.0
5985;1.0
9620;0.0
9342;1.0
1605;0.0
3555;0.0
4333;0.0
5708;1.0
8585;1.0
712;1.0
10912;1.0
11204;1.0
424;1.0
11302;1.0
6099;1.0
4273;0.0
4473;0.0
631;1.0
8838;1.0
5647;1.0
3580;1.0
7953;1.0
11497;1.0
1393;1.0
5153;1.0
7742;1.0
3757;0.0
10833;0.0
4841;1.0
4691;0.0
71;0.0
11019;0.0
3080;0.0
4160;0.0
5621;1.0
9489;1.0
2307;1.0
9556;0.0
3688;0.0
9993;0.0
4177;1.0
4210;1.0
9045;0.0
2953;1.0
3660;1.0
4234;1.0
4596;0.0
351;0.0
1571;0.0
9244;1.0
2609;0.0
8097;0.0
5740;0.0
4312;1.0
3247;1.0
2444;0.0
7411;0.0
3230;1.0
1715;0.0
8670;1.0
7450;0.0
1107;1.0
2169;1.0
8669;1.0
3243;1.0
8593;1.0
4090;0.0
3656;1.0
1098;0.0
9535;0.0
5100;0.0
9306;1.0
5937;1.0
10331;0.0
992;0.0
2915;0.0
7541;1.0
241;0.0
6146;0.0
2808;1.0
6541;0.0
11459;0.0
2984;1.0
4323;1.0
502;1.0
8276;1.0
8840;1.0
10404;1.0
10837;0.0
10630;1.0
7588;0.0
6796;1.0
6691;0.0
5174;0.0
1800;1.0
8684;1.0
1429;1.0
5840;0.0
1532;0.0
7599;1.0
2758;1.0
101;1.0
6753;1.0
335;1.0
8291;0.0
5806;1.0
7891;0.0
3348;0.0
6661;1.0
3541;0.0
133;1.0
5477;1.0
6269;1.0
4301;0.0
235;1.0
5030;0.0
703;1.0
9128;0.0
3883;1.0
6542;1.0
10572;1.0
604;1.0
8243;1.0
3575;1.0
10390;1.0
5207;1.0
11143;0.0
6971;1.0
8616;1.0
4258;1.0
503;0.0
2688;1.0
7720;1.0
161;1.0
8961;1.0
8215;1.0
6716;1.0
2862;0.0
11164;0.0
7789;1.0
4275;0.0
35;1.0
8590;0.0
10851;0.0
6259;1.0
10105;0.0
8875;1.0
8401;1.0
8480;1.0
11777;1.0
1835;1.0
7691;0.0
2390;1.0
11030;1.0
847;1.0
1264;1.0
10917;1.0
395;0.0
4261;1.0
11126;0.0
9779;1.0
2275;0.0
11873;0.0
10929;0.0
9206;0.0
7357;1.0
3038;1.0
6695;0.0
6168;0.0
5704;0.0
7127;1.0
6064;0.0
6389;0.0
11229;0.0
10764;1.0
4450;0.0
2989;1.0
9090;1.0
8541;1.0
4568;0.0
6253;0.0
11255;1.0
1531;1.0
11656;0.0
11338;0.0
135;0.0
11210;1.0
7535;1.0
248;1.0
3693;1.0
5483;1.0
8815;0.0
66;1.0
7506;0.0
325;1.0
3871;0.0
2720;1.0
9093;1.0
9492;1.0
4247;0.0
10883;0.0
1034;1.0
1741;0.0
493;0.0
3734;0.0
10153;0.0
537;1.0
8805;1.0
3699;1.0
10773;1.0
3990;1.0
7683;1.0
11238;1.0
4094;1.0
4643;1.0
3087;0.0
5290;0.0
11730;1.0
1992;1.0
10087;1.0
1729;1.0
9390;1.0
4535;1.0
4063;0.0
6080;1.0
10345;1.0
10817;1.0
256;0.0
3439;1.0
747;1.0
5475;1.0
9593;1.0
5819;1.0
1881;0.0
10501;1.0
1560;0.0
8169;1.0
3101;1.0
4260;0.0
5497;0.0
840;1.0
9691;0.0
1289;1.0
576;0.0
958;1.0
2693;0.0
10924;1.0
9661;0.0
10760;0.0
2261;1.0
3197;0.0
8201;1.0
2542;1.0
7796;1.0
1673;0.0
3433;1.0
4791;1.0
4332;1.0
8861;1.0
3412;1.0
11298;1.0
9339;0.0
9461;1.0
326;1.0
3894;0.0
11325;1.0
6838;1.0
2564;1.0
2774;1.0
4143;1.0
4953;1.0
8553;1.0
7466;1.0
6863;1.0
11234;0.0
8927;1.0
63;1.0
7806;1.0
2636;0.0
1202;1.0
3612;1.0
2337;0.0
3327;1.0
9016;0.0
1754;1.0
8905;1.0
3431;1.0
9054;0.0
294;1.0
6180;0.0
2838;0.0
8789;1.0
9022;1.0
4313;1.0
10949;1.0
9907;1.0
9603;1.0
10959;1.0
7135;0.0
10848;1.0
8337;1.0
2745;1.0
7032;1.0
1257;1.0
5924;0.0
7859;1.0
10789;0.0
5292;0.0
1635;0.0
6156;1.0
6884;1.0
3840;0.0
2459;1.0
6165;1.0
8692;0.0
3264;1.0
11603;1.0
3245;0.0
11128;1.0
8453;0.0
3958;1.0
7372;1.0
5447;1.0
7083;1.0
7983;1.0
8108;1.0
11022;1.0
9915;1.0
2408;0.0
8572;1.0
22;1.0
5177;1.0
1265;0.0
1191;1.0
7950;0.0
9690;0.0
53;1.0
10891;0.0
1912;0.0
2060;0.0
9570;0.0
1244;1.0
7029;0.0
3621;0.0
4993;1.0
7021;1.0
728;0.0
5190;0.0
4903;0.0
7871;1.0
8308;1.0
9436;0.0
1933;1.0
4610;1.0
2593;1.0
8140;0.0
2867;0.0
8484;1.0
6937;1.0
8803;0.0
1647;0.0
662;0.0
11559;1.0
4982;0.0
8106;0.0
1615;1.0
10840;1.0
4491;0.0
8152;1.0
6539;1.0
4517;1.0
1799;1.0
827;0.0
8127;0.0
4577;0.0
11885;1.0
7870;1.0
3755;0.0
1225;0.0
7757;0.0
11035;1.0
5173;0.0
2240;1.0
11552;0.0
5279;0.0
11216;0.0
10687;1.0
1886;1.0
1148;0.0
5834;1.0
1954;1.0
6201;1.0
2156;1.0
8018;0.0
8406;0.0
7471;0.0
5660;1.0
1499;1.0
11551;1.0
7649;1.0
8380;0.0
70;1.0
10020;1.0
3680;1.0
4683;1.0
299;1.0
3252;1.0
3876;0.0
1918;1.0
5347;1.0
8991;1.0
1493;1.0
1578;1.0
7347;1.0
4350;1.0
1816;1.0
1776;1.0
11768;0.0
10055;0.0
3173;1.0
4499;1.0
4530;0.0
4775;1.0
10129;1.0
4890;1.0
5095;0.0
5025;1.0
10190;1.0
10051;0.0
5635;1.0
7973;1.0
10243;1.0
11243;1.0
1850;1.0
1613;1.0
8151;1.0
8125;0.0
8472;0.0
2733;0.0
5369;0.0
5664;1.0
2328;0.0
7562;1.0
10637;0.0
4682;1.0
2556;0.0
5726;1.0
7674;0.0
1629;1.0
9664;0.0
1134;0.0
5976;1.0
9585;0.0
3330;0.0
3585;1.0
5111;1.0
1611;1.0
3339;1.0
6421;0.0
826;1.0
1840;1.0
7128;1.0
1119;1.0
6508;1.0
11810;1.0
6994;0.0
7919;0.0
91;1.0
5353;1.0
10819;0.0
10795;0.0
7906;1.0
8196;1.0
6406;1.0
6967;1.0
5692;1.0
4811;1.0
1178;1.0
8410;1.0
2462;1.0
5121;0.0
10010;0.0
4960;0.0
6616;1.0
7482;1.0
8369;0.0
5522;0.0
2294;1.0
10484;1.0
4027;1.0
6683;0.0
3629;0.0
11875;0.0
1684;0.0
4072;0.0
5148;1.0
6391;0.0
8216;0.0
692;1.0
11694;0.0
1890;0.0
1587;1.0
6158;1.0
2326;1.0
11376;0.0
9499;1.0
790;1.0
3290;0.0
475;1.0
10392;1.0
9425;1.0
723;0.0
11379;1.0
3076;0.0
316;0.0
1390;1.0
9769;1.0
2541;1.0
6889;1.0
4897;1.0
355;0.0
11147;0.0
4023;1.0
10737;0.0
5746;0.0
2549;0.0
7043;1.0
1708;0.0
10474;0.0
2148;1.0
5833;1.0
7785;0.0
11024;1.0
2442;1.0
6646;0.0
8350;1.0
10192;0.0
3114;1.0
8436;1.0
4680;1.0
8926;0.0
536;1.0
5152;1.0
1563;1.0
6022;1.0
3383;1.0
6216;1.0
4290;1.0
6875;0.0
9637;1.0
556;1.0
11726;1.0
8653;1.0
3039;0.0
1090;0.0
2846;0.0
8374;1.0
5892;1.0
4015;1.0
3045;1.0
7522;0.0
5509;1.0
124;1.0
6;1.0
6218;0.0
8908;1.0
9365;0.0
4074;1.0
32;1.0
414;0.0
4848;0.0
3209;0.0
1744;0.0
9006;1.0
6105;1.0
5437;1.0
6793;1.0
2665;0.0
8920;0.0
2278;1.0
11296;0.0
5423;0.0
9513;1.0
6219;0.0
281;1.0
11817;0.0
905;1.0
206;1.0
9739;0.0
3972;0.0
8850;0.0
3437;0.0
6765;1.0
9857;1.0
2341;1.0
7888;1.0
6771;1.0
8077;1.0
9371;1.0
575;0.0
3870;0.0
8813;0.0
7867;1.0
5894;1.0
1928;0.0
4872;0.0
2296;0.0
4362;1.0
11039;0.0
5515;1.0
9818;1.0
1035;1.0
10374;0.0
9855;0.0
7386;1.0
1828;1.0
7483;0.0
10684;0.0
9239;1.0
8607;1.0
7605;0.0
11064;0.0
4395;0.0
1931;1.0
10027;1.0
2545;1.0
9188;0.0
4367;1.0
3280;1.0
5424;0.0
1565;1.0
8280;0.0
4095;1.0
9041;1.0
372;0.0
200;1.0
8968;0.0
1506;0.0
4092;1.0
5610;0.0
6792;1.0
1942;1.0
2004;1.0
10602;1.0
8058;0.0
1483;0.0
6984;1.0
9250;1.0
7460;1.0
830;0.0
8038;1.0
349;1.0
3968;0.0
11271;1.0
2122;0.0
4016;1.0
570;0.0
6187;0.0
1473;1.0
4829;1.0
4054;0.0
9786;1.0
3594;1.0
5863;1.0
7625;1.0
6123;0.0
543;1.0
586;1.0
624;0.0
8891;1.0
10884;0.0
8819;1.0
9715;1.0
11137;0.0
6993;0.0
686;1.0
6200;1.0
7437;1.0
4655;0.0
7394;1.0
9657;1.0
7495;0.0
2703;1.0
7123;0.0
1230;1.0
5012;1.0
10653;1.0
3608;0.0
1144;1.0
3157;1.0
9343;1.0
1437;0.0
1365;1.0
3020;0.0
106;1.0
3976;1.0
4606;0.0
4108;0.0
1006;0.0
3082;1.0
3665;1.0
7895;0.0
11614;0.0
3616;1.0
578;0.0
3472;0.0
11378;1.0
2791;1.0
4828;0.0
2485;0.0
6861;1.0
4348;0.0
5580;0.0
4353;0.0
9989;0.0
10247;1.0
8567;1.0
3531;1.0
695;0.0
7114;1.0
9930;0.0
7167;1.0
8630;0.0
4638;0.0
3091;0.0
9615;1.0
8782;1.0
2925;0.0
11103;1.0
5807;1.0
309;1.0
1309;0.0
6662;1.0
7576;0.0
9750;0.0
3659;1.0
11702;1.0
3695;1.0
3188;0.0
11463;0.0
11383;0.0
10626;1.0
5794;1.0
5042;1.0
6209;0.0
11049;0.0
403;0.0
10029;1.0
1814;0.0
9944;0.0
143;0.0
7402;1.0
4241;0.0
8614;1.0
8879;1.0
222;0.0
793;0.0
3167;0.0
2336;1.0
8286;1.0
4233;0.0
11252;1.0
9137;1.0
5133;0.0
4901;1.0
9319;1.0
4086;1.0
3852;1.0
401;1.0
6112;1.0
10581;1.0
2260;0.0
359;1.0
3150;1.0
11374;0.0
7044;1.0
5845;0.0
9070;0.0
7589;0.0
6738;1.0
1256;0.0
1219;1.0
11465;1.0
6715;0.0
6531;0.0
7375;1.0
682;1.0
11806;1.0
11820;1.0
5650;1.0
3003;0.0
25;1.0
1893;1.0
10525;1.0
7173;1.0
6074;1.0
8213;0.0
4470;0.0
6213;0.0
4115;0.0
4448;1.0
10822;0.0
6163;1.0
11122;1.0
4781;1.0
10275;0.0
4354;1.0
2933;1.0
10372;0.0
635;1.0
10981;1.0
7762;1.0
5051;1.0
1812;1.0
9820;1.0
11015;1.0
6136;1.0
7481;1.0
385;1.0
6678;0.0
8617;0.0
7412;0.0
8903;1.0
7051;1.0
1583;0.0
253;1.0
2018;1.0
5964;0.0
6251;1.0
7468;1.0
4728;0.0
4989;0.0
4971;1.0
913;1.0
6120;1.0
7284;0.0
7172;0.0
9927;1.0
619;1.0
1311;1.0
11570;1.0
11767;0.0
7490;1.0
10278;0.0
11728;1.0
5107;1.0
8867;0.0
3810;0.0
6932;1.0
6635;0.0
5321;0.0
2757;1.0
4675;1.0
784;1.0
7227;1.0
8729;1.0
2187;1.0
8963;1.0
2554;0.0
10705;0.0
8911;0.0
1322;0.0
6239;0.0
10084;1.0
1047;1.0
5581;1.0
2204;1.0
6578;1.0
2696;1.0
3198;1.0
9613;1.0
11131;1.0
1250;1.0
6955;1.0
9471;0.0
8976;1.0
8083;1.0
4079;0.0
9363;1.0
2931;1.0
2096;0.0
5674;1.0
10994;0.0
1181;1.0
9517;1.0
4896;1.0
9922;1.0
3059;0.0
7781;0.0
11192;1.0
10776;1.0
3610;0.0
7543;1.0
1467;1.0
4272;1.0
8309;1.0
7295;0.0
6730;0.0
5731;0.0
1049;1.0
9459;1.0
3828;0.0
8198;0.0
51;1.0
8863;1.0
8659;1.0
3937;0.0
4102;1.0
10178;0.0
7767;1.0
5344;1.0
11203;1.0
232;1.0
9831;1.0
9522;0.0
7265;0.0
3741;1.0
8321;0.0
3849;1.0
2236;1.0
6786;0.0
8677;1.0
8847;0.0
4922;1.0
1953;1.0
8632;0.0
720;0.0
10255;1.0
5499;0.0
9565;1.0
4033;0.0
5081;1.0
2199;1.0
3858;1.0
8738;0.0
9089;1.0
7103;0.0
7908;1.0
7217;1.0
11704;0.0
7682;1.0
7290;1.0
4185;0.0
3329;1.0
11676;1.0
5165;1.0
4574;0.0
2566;1.0
8288;1.0
8633;1.0
1820;1.0
1559;1.0
29;1.0
2839;0.0
3008;0.0
6030;1.0
6902;0.0
2010;0.0
4949;1.0
2104;0.0
8548;0.0
1112;0.0
11321;0.0
10551;0.0
7253;0.0
9417;1.0
8701;0.0
11505;0.0
7304;1.0
11199;1.0
10910;0.0
7636;0.0
3022;1.0
7651;0.0
3372;1.0
2768;1.0
1554;0.0
7334;0.0
1300;0.0
6649;1.0
4663;0.0
3286;0.0
2874;1.0
4300;1.0
7420;0.0
5995;0.0
8115;1.0
8547;1.0
8184;0.0
10019;0.0
2529;1.0
11212;1.0
5354;1.0
8023;1.0
7193;1.0
10001;0.0
11356;0.0
3767;1.0
6245;1.0
11425;1.0
1641;1.0
3442;0.0
5316;0.0
1500;1.0
8113;0.0
5162;0.0
1173;1.0
5875;1.0
6783;1.0
2723;1.0
590;1.0
3072;0.0
4862;1.0
6194;1.0
2020;1.0
9867;1.0
4124;0.0
9123;0.0
440;1.0
4702;1.0
5015;1.0
9854;0.0
9139;0.0
9019;1.0
914;1.0
7927;1.0
10367;1.0
4810;1.0
3995;1.0
9441;0.0
4349;0.0
2623;1.0
11523;1.0
8642;1.0
4633;0.0
10052;1.0
6854;0.0
6632;0.0
10080;1.0
2046;1.0
11781;1.0
10343;1.0
8054;0.0
803;1.0
1163;1.0
9064;1.0
9317;0.0
9812;1.0
2506;0.0
1701;1.0
4214;1.0
4664;0.0
306;0.0
614;1.0
2811;0.0
5282;0.0
8003;0.0
6290;1.0
5796;0.0
7771;0.0
4216;0.0
6276;0.0
1248;1.0
9924;1.0
8640;1.0
7630;1.0
5146;1.0
5617;1.0
2002;0.0
2417;0.0
2954;1.0
483;1.0
10421;1.0
10670;1.0
10864;1.0
960;1.0
6024;0.0
10280;1.0
771;1.0
3922;1.0
4689;0.0
541;0.0
7019;1.0
4940;1.0
1756;1.0
7860;0.0
603;1.0
9359;1.0
10975;1.0
5752;1.0
2614;0.0
10151;1.0
4758;0.0
8581;1.0
5485;1.0
6344;0.0
6605;0.0
2224;0.0
9628;1.0
4498;0.0
3520;1.0
8672;1.0
3460;1.0
9097;1.0
10548;0.0
3672;1.0
7075;1.0
9207;1.0
4382;0.0
10596;1.0
7289;1.0
3967;1.0
1775;0.0
10950;1.0
10016;1.0
5155;1.0
7723;1.0
10132;0.0
5352;1.0
8136;1.0
4978;0.0
7754;1.0
8651;0.0
58;1.0
9024;1.0
2559;1.0
948;0.0
2273;0.0
11029;1.0
10532;1.0
11547;0.0
6250;1.0
5471;1.0
4186;0.0
10099;1.0
5703;1.0
7913;1.0
11714;0.0
5671;1.0
10106;1.0
10878;1.0
9423;0.0
5967;1.0
1863;1.0
1133;1.0
8420;0.0
2901;1.0
822;0.0
8525;0.0
3266;1.0
2200;1.0
261;1.0
3057;1.0
4085;1.0
854;1.0
4587;0.0
5256;1.0
415;0.0
11457;0.0
7621;0.0
8550;1.0
4267;1.0
1990;1.0
8703;1.0
5566;1.0
10473;0.0
3961;0.0
10537;1.0
7084;0.0
10267;0.0
7213;1.0
11606;1.0
3476;1.0
3567;0.0
3823;0.0
10115;1.0
8370;0.0
10615;0.0
8795;1.0
3534;0.0
8470;0.0
6870;1.0
9036;1.0
293;0.0
3;1.0
8467;0.0
6745;1.0
4435;0.0
11647;1.0
5631;0.0
2974;1.0
4613;1.0
10063;0.0
9190;0.0
5962;0.0
781;1.0
5473;1.0
10759;1.0
6121;1.0
7861;1.0
5639;0.0
5584;1.0
9003;0.0
8718;1.0
5839;0.0
2524;1.0
8768;0.0
10973;0.0
3066;1.0
7679;1.0
4164;1.0
3143;1.0
1160;0.0
8682;0.0
1424;0.0
11241;1.0
6951;1.0
10079;0.0
8452;1.0
11869;1.0
11044;1.0
11020;0.0
8661;0.0
1843;1.0
2082;1.0
10370;0.0
10899;1.0
3455;1.0
11189;0.0
782;1.0
9312;0.0
6644;1.0
7107;1.0
788;1.0
3690;1.0
8781;1.0
11733;0.0
7276;1.0
9065;0.0
3287;1.0
1995;0.0
2835;0.0
5695;1.0
11878;0.0
4515;1.0
3271;0.0
7153;1.0
3764;0.0
9766;1.0
11219;1.0
11084;1.0
1786;1.0
2362;0.0
3506;0.0
3267;1.0
11323;1.0
3864;1.0
131;1.0
2738;0.0
1618;1.0
5970;1.0
6650;0.0
8218;0.0
5309;1.0
9763;0.0
9782;1.0
5949;1.0
11361;0.0
9654;0.0
2948;1.0
6075;1.0
11822;0.0
4735;0.0
1038;0.0
8087;0.0
5091;1.0
10707;0.0
5734;1.0
9341;1.0
4820;1.0
775;0.0
7475;1.0
5714;1.0
6089;0.0
6045;1.0
10043;0.0
8111;1.0
10716;0.0
9791;1.0
11006;0.0
3560;1.0
8882;0.0
8941;1.0
4167;1.0
10642;1.0
864;1.0
5080;1.0
9770;0.0
5284;1.0
10461;0.0
1784;0.0
291;1.0
11511;0.0
1422;0.0
2632;0.0
3042;0.0
10472;0.0
6301;1.0
3294;0.0
11808;0.0
2222;1.0
687;1.0
2677;1.0
7832;0.0
5545;0.0
5036;0.0
4486;1.0
9050;1.0
3822;0.0
1471;0.0
2937;1.0
10206;1.0
6134;0.0
4174;0.0
8560;1.0
2212;0.0
3122;0.0
4166;1.0
9020;1.0
804;1.0
9868;0.0
4874;0.0
9804;0.0
701;0.0
11196;1.0
121;0.0
9667;0.0
4817;0.0
1039;0.0
6803;1.0
11864;1.0
1177;1.0
5868;1.0
5959;1.0
7312;1.0
10147;1.0
5135;1.0
339;0.0
3980;1.0
1553;0.0
2419;1.0
7204;1.0
2840;0.0
2229;1.0
6806;0.0
8064;1.0
4563;1.0
1977;1.0
1295;1.0
3997;0.0
5897;1.0
2951;0.0
1983;1.0
9981;0.0
9982;0.0
2515;1.0
11320;1.0
8877;1.0
7661;0.0
10217;1.0
3733;0.0
5648;1.0
5459;1.0
7760;1.0
7512;1.0
980;0.0
8809;1.0
9893;0.0
9501;0.0
8888;0.0
6018;0.0
9108;0.0
4134;1.0
9015;0.0
2087;0.0
11070;1.0
6360;0.0
11328;0.0
10325;1.0
1489;0.0
7079;1.0
172;1.0
10906;1.0
9058;1.0
2816;0.0
2865;1.0
10163;0.0
4877;1.0
5560;1.0
2749;0.0
5258;1.0
8085;1.0
1948;0.0
11385;1.0
10796;1.0
3004;0.0
3318;1.0
5496;0.0
2426;0.0
6420;1.0
5464;1.0
4039;1.0
5947;1.0
797;1.0
3623;1.0
2126;1.0
11358;1.0
11833;1.0
1331;1.0
563;1.0
6352;1.0
7256;1.0
6532;0.0
4701;1.0
2823;1.0
3604;1.0
7129;0.0
8924;0.0
9310;1.0
7046;1.0
6776;0.0
3305;0.0
10962;0.0
1819;1.0
2368;1.0
4415;1.0
9503;1.0
5045;1.0
7990;0.0
3556;1.0
292;0.0
10214;0.0
2194;1.0
11788;1.0
5504;0.0
3299;1.0
6827;1.0
2317;1.0
4666;1.0
1967;0.0
8134;1.0
4851;1.0
4434;1.0
7254;0.0
656;0.0
7358;0.0
164;1.0
5198;0.0
8613;1.0
9963;1.0
7945;1.0
4747;0.0
3274;0.0
6397;0.0
8339;1.0
5554;0.0
1451;1.0
10241;1.0
11532;1.0
3977;1.0
8219;0.0
7681;0.0
4797;1.0
6975;1.0
4159;1.0
6207;1.0
8761;1.0
4947;0.0
10335;1.0
3465;0.0
2567;1.0
3049;0.0
10315;1.0
2231;0.0
8726;0.0
6274;0.0
10476;1.0
7507;0.0
4397;1.0
10956;0.0
8086;1.0
6154;0.0
9216;0.0
5009;1.0
11863;0.0
4935;0.0
6628;1.0
8010;1.0
4635;0.0
254;1.0
10355;1.0
8150;1.0
3692;0.0
2433;0.0
11162;0.0
7269;0.0
3034;1.0
5512;0.0
7820;0.0
7596;0.0
2561;0.0
9730;0.0
8504;0.0
7965;1.0
5911;0.0
5047;0.0
7018;1.0
1366;1.0
3242;1.0
1414;1.0
3119;1.0
8862;0.0
3016;1.0
3226;0.0
3300;0.0
10802;0.0
9678;0.0
9289;1.0
3999;1.0
181;1.0
597;1.0
4269;1.0
5467;1.0
1823;0.0
9102;1.0
9961;1.0
6145;1.0
4972;0.0
9372;1.0
8227;0.0
8730;1.0
3886;1.0
10232;1.0
2772;0.0
1027;1.0
8501;1.0
7601;1.0
5263;1.0
3370;1.0
9183;0.0
8468;1.0
1610;1.0
10799;1.0
2270;0.0
5935;1.0
8668;1.0
5169;1.0
4958;0.0
9138;0.0
5392;0.0
4514;0.0
9198;1.0
823;1.0
7853;0.0
2586;1.0
9564;1.0
4649;1.0
11819;1.0
4342;1.0
11719;1.0
10941;1.0
11721;1.0
4962;1.0
11534;1.0
2576;0.0
4696;0.0
7081;0.0
468;1.0
7838;1.0
9151;1.0
8362;0.0
9601;1.0
8019;1.0
8168;0.0
8624;0.0
3799;1.0
4531;1.0
2641;0.0
1376;1.0
6186;1.0
7268;1.0
4619;1.0
11002;0.0
6234;0.0
2113;1.0
11350;1.0
2605;1.0
2546;1.0
9951;0.0
1328;0.0
4595;1.0
5539;1.0
4796;0.0
8598;0.0
9639;0.0
10936;1.0
11026;0.0
5296;1.0
5828;1.0
9087;0.0
11310;1.0
9852;1.0
11045;1.0
8873;0.0
8832;1.0
8880;1.0
4008;0.0
9164;0.0
2639;0.0
5524;1.0
1824;1.0
11367;1.0
10952;1.0
832;1.0
1032;1.0
3989;1.0
2888;1.0
7578;1.0
10210;1.0
4812;1.0
8635;0.0
1418;0.0
1666;1.0
3753;0.0
6431;1.0
5869;1.0
4001;0.0
4771;0.0
11569;1.0
9824;1.0
7815;0.0
11624;1.0
2778;0.0
7316;0.0
7890;1.0
1099;0.0
2066;1.0
4283;1.0
391;1.0
11421;0.0
10397;0.0
9682;1.0
520;0.0
2284;1.0
151;1.0
9405;0.0
1567;0.0
1337;1.0
10894;1.0
3347;0.0
6622;1.0
4939;0.0
8100;1.0
1346;1.0
139;1.0
10120;1.0
10128;1.0
3599;1.0
9969;0.0
11075;0.0
2203;1.0
9438;1.0
6891;1.0
6188;0.0
763;1.0
11169;0.0
8093;1.0
5725;1.0
6774;0.0
5399;1.0
7995;1.0
6191;0.0
5747;1.0
1145;1.0
11697;0.0
7229;1.0
1590;1.0
3867;0.0
5901;1.0
8146;0.0
1443;1.0
806;1.0
5178;1.0
9869;0.0
87;0.0
1334;1.0
7356;0.0
4173;1.0
568;1.0
813;0.0
8750;1.0
9169;1.0
660;1.0
8663;1.0
11332;1.0
4883;1.0
5390;1.0
9142;1.0
4570;0.0
1875;0.0
10216;1.0
11330;1.0
2646;1.0
8571;1.0
3628;0.0
9734;1.0
4467;1.0
879;0.0
1364;0.0
4957;1.0
9080;0.0
10927;1.0
7800;0.0
6924;1.0
9396;0.0
8596;1.0
860;1.0
10939;0.0
8992;1.0
10357;0.0
5057;1.0
1654;1.0
1841;0.0
7036;1.0
6059;1.0
9997;1.0
3257;1.0
1465;1.0
5929;1.0
7670;1.0
10145;0.0
264;0.0
280;1.0
9133;1.0
2600;0.0
140;0.0
4034;1.0
9773;1.0
6031;1.0
2890;1.0
7281;1.0
7899;0.0
2699;0.0
2315;1.0
9979;1.0
551;1.0
9472;0.0
8233;1.0
10107;1.0
9100;0.0
8421;0.0
9347;1.0
3498;1.0
2155;1.0
8820;1.0
267;0.0
4913;1.0
4423;1.0
295;1.0
11696;1.0
5885;1.0
3320;1.0
9101;1.0
3879;1.0
3241;1.0
10857;1.0
11724;0.0
4310;0.0
7920;1.0
6265;1.0
910;1.0
6468;1.0
8139;0.0
7712;0.0
10212;1.0
11587;1.0
5872;0.0
612;1.0
6282;1.0
9558;0.0
7336;1.0
6299;1.0
2024;1.0
2592;0.0
3159;1.0
6516;1.0
4580;0.0
11780;1.0
6931;0.0
5520;1.0
11148;1.0
6461;1.0
6818;0.0
8498;1.0
5895;0.0
10215;1.0
7058;0.0
1240;0.0
6131;1.0
9437;1.0
8154;1.0
6707;1.0
223;1.0
8175;0.0
10263;1.0
4887;1.0
8232;1.0
8290;1.0
1659;1.0
3825;0.0
6501;0.0
5977;1.0
225;0.0
3307;1.0
4328;0.0
6437;0.0
7169;1.0
1338;1.0
5314;1.0
1147;1.0
5998;1.0
5035;0.0
6272;1.0
4366;1.0
2342;1.0
2913;0.0
4798;0.0
6571;1.0
6109;0.0
11814;1.0
7968;0.0
630;1.0
2394;1.0
10619;1.0
9865;1.0
5616;0.0
3756;0.0
10598;1.0
7676;1.0
2952;0.0
6465;0.0
11725;1.0
8844;0.0
4593;0.0
8829;0.0
5120;1.0
6278;1.0
4417;1.0
5561;1.0
721;0.0
2407;0.0
1660;0.0
10592;1.0
5817;1.0
11236;1.0
6416;1.0
1694;1.0
10093;0.0
737;1.0
5592;1.0
4845;0.0
9519;1.0
5700;0.0
10900;0.0
3517;0.0
3597;1.0
8344;1.0
9001;1.0
2338;1.0
6415;0.0
9211;1.0
6769;0.0
8377;0.0
5230;1.0
2472;0.0
11813;0.0
8120;1.0
2309;1.0
2007;1.0
3481;1.0
6926;0.0
1231;0.0
7033;0.0
3018;0.0
9401;0.0
9971;1.0
6242;0.0
6143;1.0
3801;1.0
1619;1.0
8186;0.0
9242;1.0
4327;1.0
10606;1.0
3700;1.0
9007;1.0
5361;1.0
2435;0.0
7133;1.0
11665;0.0
344;0.0
6001;0.0
5150;1.0
3896;1.0
9304;0.0
5322;1.0
11710;0.0
2681;1.0
2642;0.0
2208;1.0
10284;1.0
1910;0.0
3535;0.0
7113;1.0
5547;1.0
3002;1.0
4739;1.0
11759;1.0
4162;1.0
10077;1.0
8687;0.0
4601;0.0
10726;1.0
5337;1.0
6463;0.0
10530;0.0
2966;1.0
8079;1.0
9765;0.0
1368;1.0
9716;1.0
10575;0.0
11617;1.0
2783;0.0
7367;1.0
4373;0.0
7735;1.0
8222;0.0
11010;0.0
2086;1.0
10298;0.0
9737;1.0
2323;1.0
4180;1.0
10681;1.0
6970;0.0
8363;0.0
11541;0.0
4276;0.0
192;1.0
1444;0.0
10828;0.0
5595;0.0
10150;0.0
2785;0.0
11157;0.0
11034;0.0
5245;0.0
3399;1.0
11003;0.0
11792;0.0
9052;0.0
738;0.0
10797;0.0
9572;1.0
6441;1.0
4528;1.0
9521;0.0
4364;0.0
4945;1.0
11264;0.0
10011;0.0
3123;0.0
3485;1.0
2900;0.0
9708;1.0
10081;0.0
362;0.0
6911;0.0
3255;0.0
970;1.0
3885;1.0
6079;0.0
324;1.0
9755;1.0
4980;1.0
8765;1.0
726;1.0
2311;0.0
3627;1.0
6517;0.0
6160;1.0
3478;1.0
11626;1.0
4392;1.0
8463;1.0
4840;0.0
1348;1.0
1076;0.0
4311;0.0
1517;1.0
3911;1.0
4790;1.0
4873;1.0
6150;0.0
6315;1.0
3963;0.0
4156;0.0
10376;0.0
10164;0.0
3762;0.0
1788;1.0
1297;1.0
111;0.0
9860;1.0
8996;0.0
8928;0.0
242;0.0
7560;1.0
10200;1.0
6327;0.0
5418;1.0
5531;0.0
5627;0.0
2161;1.0
10768;0.0
7267;1.0
1420;1.0
3723;1.0
11574;0.0
3118;1.0
6085;1.0
6836;1.0
7023;1.0
2474;1.0
6132;1.0
9470;1.0
11114;1.0
768;0.0
6528;0.0
5693;1.0
9400;1.0
2771;1.0
11476;0.0
7587;0.0
2207;0.0
7143;1.0
12;0.0
654;1.0
5856;1.0
6554;1.0
644;0.0
5374;1.0
1078;0.0
1774;0.0
10302;1.0
1937;0.0
2188;0.0
979;0.0
278;1.0
6104;0.0
1871;1.0
7416;1.0
7946;1.0
11632;0.0
8368;1.0
11841;1.0
2935;1.0
7622;1.0
2392;0.0
6653;1.0
5216;0.0
9764;1.0
8702;1.0
9143;1.0
10329;1.0
2008;0.0
8269;0.0
11506;1.0
6703;0.0
10790;0.0
10806;0.0
1274;1.0
7298;0.0
1399;0.0
9234;0.0
6658;0.0
9851;1.0
4179;1.0
7613;1.0
971;1.0
8845;1.0
5683;0.0
8469;0.0
3554;1.0
8025;0.0
11723;0.0
2495;1.0
481;1.0
613;1.0
1780;0.0
171;1.0
7097;1.0
7329;1.0
10871;1.0
3614;1.0
6846;1.0
6787;0.0
11489;1.0
9491;1.0
6400;0.0
5420;1.0
11146;0.0
3772;1.0
1552;0.0
4479;1.0
10383;0.0
976;1.0
7692;1.0
2531;1.0
7438;1.0
6284;1.0
7580;1.0
2679;1.0
5332;1.0
9697;1.0
10424;0.0
9035;0.0
2690;0.0
9240;0.0
831;0.0
5212;1.0
10238;1.0
5665;0.0
2059;1.0
1946;1.0
8193;0.0
9435;1.0
9444;0.0
6618;1.0
6754;1.0
4198;1.0
1287;0.0
9348;1.0
2926;1.0
11708;1.0
39;1.0
3359;1.0
10690;1.0
5335;1.0
2647;1.0
6700;1.0
7487;1.0
11305;0.0
8869;1.0
11761;1.0
3715;1.0
8402;1.0
8387;1.0
1882;0.0
5050;1.0
5368;1.0
6341;1.0
3971;0.0
6849;1.0
6547;0.0
5017;0.0
4819;0.0
6349;1.0
8681;0.0
4168;0.0
2603;1.0
4999;1.0
1371;1.0
6230;0.0
11278;0.0
5297;1.0
1999;0.0
11324;0.0
2364;1.0
9955;0.0
7644;1.0
9833;1.0
4662;1.0
6585;1.0
1409;1.0
1581;0.0
9112;1.0
10068;0.0
3180;1.0
8890;1.0
6449;0.0
6374;1.0
1436;0.0
672;0.0
8425;0.0
7109;0.0
4821;0.0
5167;1.0
11687;0.0
3783;0.0
5281;0.0
3424;0.0
3668;1.0
5715;1.0
10380;0.0
4813;1.0
5324;0.0
602;1.0
1803;0.0
6947;0.0
10245;0.0
5874;1.0
5217;1.0
4399;0.0
9515;1.0
5766;1.0
1680;1.0
11572;1.0
8297;1.0
7696;1.0
4720;1.0
9117;1.0
9313;1.0
9462;0.0
8834;1.0
5229;1.0
2486;1.0
8727;1.0
11277;1.0
11566;1.0
10613;0.0
7680;1.0
2985;1.0
9219;1.0
6202;1.0
3422;0.0
7964;1.0
9698;0.0
1742;1.0
3475;0.0
7530;1.0
113;1.0
8699;1.0
10583;0.0
6957;1.0
5966;0.0
6116;1.0
641;1.0
1501;0.0
6930;1.0
4825;1.0
9575;0.0
3054;1.0
2075;0.0
7;1.0
8721;0.0
4756;1.0
6462;1.0
904;1.0
11173;1.0
1624;1.0
9075;1.0
9728;1.0
7529;0.0
6918;1.0
8923;0.0
667;1.0
2430;0.0
6313;0.0
1675;1.0
1631;1.0
4019;1.0
9280;1.0
10133;1.0
9789;1.0
8722;1.0
9633;1.0
5227;0.0
4576;1.0
2991;1.0
9478;1.0
937;0.0
7734;1.0
1303;0.0
7526;0.0
8391;0.0
1479;1.0
10235;1.0
11468;1.0
9550;0.0
7550;0.0
6638;1.0
1142;0.0
6927;0.0
4881;1.0
3112;1.0
8394;1.0
3684;0.0
9506;1.0
923;1.0
1194;0.0
2144;0.0
2613;0.0
6964;0.0
11023;1.0
1676;1.0
6851;0.0
2428;1.0
11578;1.0
10223;0.0
773;1.0
1276;1.0
1480;1.0
11418;1.0
6696;0.0
10873;0.0
9013;0.0
11190;1.0
8165;1.0
8440;1.0
5373;0.0
834;0.0
6148;0.0
2544;0.0
5534;1.0
4660;0.0
2051;1.0
5928;0.0
5283;0.0
8679;1.0
7951;1.0
9167;0.0
6019;1.0
2762;0.0
9707;1.0
9970;1.0
8333;0.0
2625;1.0
5798;0.0
1857;1.0
7160;1.0
4306;0.0
1542;1.0
5280;1.0
3592;1.0
994;1.0
10697;1.0
3203;1.0
11077;1.0
474;0.0
3809;1.0
86;1.0
7085;1.0
5640;1.0
11085;1.0
10702;1.0
5225;0.0
10112;0.0
3007;1.0
3994;1.0
9991;1.0
2042;1.0
8035;1.0
5855;0.0
9199;0.0
8486;1.0
2084;1.0
5053;1.0
9434;1.0
6387;0.0
274;1.0
11206;1.0
9581;1.0
6934;1.0
6204;1.0
5137;0.0
4647;1.0
871;0.0
7454;1.0
7469;1.0
9053;1.0
5038;0.0
10958;1.0
1934;1.0
1205;0.0
8638;0.0
4256;1.0
10500;0.0
10752;1.0
7120;0.0
521;1.0
10691;0.0
9287;1.0
2466;1.0
6820;1.0
1535;1.0
2455;1.0
1845;1.0
7472;1.0
110;1.0
2760;0.0
10590;0.0
3328;0.0
27;1.0
6958;1.0
10960;1.0
4356;0.0
2730;1.0
2483;1.0
10719;1.0
950;1.0
1290;1.0
8752;1.0
11707;1.0
6280;1.0
11682;1.0
5463;1.0
1972;1.0
11073;1.0
9356;1.0
10845;0.0
8040;0.0
1689;0.0
4171;1.0
2854;0.0
2219;0.0
2732;1.0
4490;1.0
9684;1.0
8072;1.0
3132;0.0
2644;0.0
6804;0.0
334;1.0
4459;0.0
10089;1.0
10544;1.0
3562;1.0
243;1.0
4345;1.0
2420;1.0
7122;0.0
10911;1.0
10574;1.0
3336;1.0
8185;1.0
3552;1.0
8975;1.0
4041;1.0
8894;1.0
11067;1.0
10688;1.0
5303;1.0
2255;1.0
2182;0.0
11602;1.0
10003;1.0
9153;0.0
2949;0.0
4270;0.0
3030;1.0
10793;0.0
7452;1.0
6551;1.0
4709;1.0
1678;1.0
10935;0.0
4081;1.0
4212;0.0
10268;1.0
2977;0.0
8475;1.0
10651;0.0
9430;1.0
7948;0.0
6727;0.0
8300;0.0
6097;1.0
10292;1.0
10274;1.0
571;0.0
7286;0.0
10748;1.0
3326;1.0
8464;1.0
6088;0.0
9931;1.0
8326;1.0
3261;0.0
6107;0.0
8149;1.0
3480;1.0
8214;1.0
1914;1.0
5736;1.0
8644;0.0
6900;0.0
585;0.0
10162;1.0
1664;0.0
8743;1.0
2662;0.0
6203;1.0
11691;1.0
2950;0.0
2246;1.0
10931;1.0
9315;1.0
8724;1.0
10250;1.0
4744;1.0
3934;0.0
2841;0.0
6992;1.0
9314;1.0
11200;1.0
10348;1.0
6746;0.0
1228;1.0
5876;0.0
3170;0.0
9822;0.0
6575;1.0
2206;1.0
7531;0.0
4543;1.0
11433;0.0
6484;0.0
6035;1.0
9591;1.0
11492;0.0
6657;1.0
1082;0.0
8281;1.0
1787;1.0
2454;1.0
10804;0.0
1698;0.0
7294;0.0
866;1.0
10655;0.0
7320;0.0
6736;1.0
8517;1.0
7028;1.0
5183;1.0
3182;0.0
11857;1.0
3820;1.0
4918;0.0
7518;1.0
5457;1.0
10953;1.0
5270;1.0
427;0.0
4594;1.0
9609;1.0
5393;0.0
5653;1.0
1085;0.0
11779;0.0
5330;1.0
8648;1.0
7962;0.0
524;1.0
949;0.0
9094;0.0
11760;0.0
9463;0.0
7340;1.0
1550;1.0
9502;1.0
2351;1.0
1383;0.0
3333;1.0
10526;0.0
5388;0.0
5018;1.0
4704;1.0
7873;1.0
5493;1.0
4622;0.0
3446;1.0
9004;1.0
9569;0.0
852;1.0
9992;1.0
3872;1.0
8647;1.0
11556;1.0
8764;0.0
11494;1.0
2163;0.0
5041;1.0
4706;0.0
7893;0.0
10913;1.0
1007;1.0
3459;0.0
7117;0.0
6807;1.0
1344;1.0
9076;1.0
6167;1.0
8852;1.0
5139;0.0
2258;1.0
2607;0.0
7532;1.0
724;1.0
7333;1.0
8160;1.0
582;0.0
3817;1.0
6631;1.0
3189;1.0
725;0.0
10304;0.0
770;1.0
4248;1.0
7582;0.0
10209;1.0
931;1.0
4009;0.0
3901;1.0
10470;1.0
10810;0.0
269;0.0
6294;1.0
10609;0.0
5538;0.0
1342;0.0
588;1.0
7417;0.0
7797;0.0
9331;1.0
11133;1.0
5479;1.0
10252;1.0
10772;0.0
5261;1.0
7586;0.0
915;1.0
6026;0.0
5603;0.0
9485;1.0
9636;0.0
2503;0.0
2996;0.0
11836;1.0
104;1.0
3363;0.0
881;1.0
5421;1.0
1485;1.0
5812;0.0
9884;1.0
3171;1.0
11638;1.0
10586;1.0
4614;0.0
560;1.0
2110;0.0
2476;0.0
7219;1.0
6002;1.0
207;1.0
10352;1.0
10841;1.0
10207;0.0
8228;1.0
11392;0.0
6435;0.0
5115;0.0
2289;0.0
6682;0.0
2281;0.0
4548;0.0
2305;0.0
764;1.0
3124;1.0
1512;0.0
4420;0.0
3315;1.0
9295;1.0
5764;0.0
10503;1.0
11615;1.0
2359;1.0
867;0.0
7270;0.0
10308;0.0
3301;1.0
2105;1.0
1005;1.0
8870;0.0
4246;1.0
5852;1.0
7078;0.0
2852;1.0
8430;1.0
6794;1.0
1251;1.0
9871;1.0
11424;1.0
10154;0.0
9127;1.0
7963;0.0
4719;1.0
5851;1.0
729;1.0
10612;1.0
3611;1.0
2759;0.0
11111;0.0
5329;1.0
7446;1.0
6589;0.0
4843;0.0
11535;0.0
1620;0.0
7711;1.0
6110;1.0
7954;1.0
3748;1.0
977;0.0
7569;1.0
9745;1.0
6424;1.0
3177;0.0
11778;1.0
11520;1.0
3420;0.0
10940;1.0
7525;0.0
7231;1.0
6051;1.0
7306;1.0
7935;1.0
897;1.0
5160;1.0
3725;0.0
1511;0.0
2297;0.0
542;1.0
9283;1.0
7510;0.0
4751;1.0
7096;1.0
1080;1.0
8411;1.0
3964;0.0
7766;0.0
5075;1.0
1980;1.0
7667;1.0
8082;0.0
1092;1.0
11564;1.0
10562;1.0
11311;0.0
8561;0.0
2423;0.0
3819;1.0
5915;1.0
3065;0.0
3406;1.0
2339;1.0
3356;0.0
5987;1.0
1387;1.0
8328;1.0
3233;1.0
8620;0.0
6835;0.0
10676;0.0
3960;0.0
7274;0.0
6176;0.0
3939;1.0
4118;1.0
8432;0.0
3193;0.0
6325;0.0
5727;1.0
10986;0.0
1286;0.0
11062;0.0
11838;0.0
5154;1.0
6725;1.0
2192;1.0
1258;1.0
4132;0.0
7082;0.0
2077;0.0
9155;0.0
1463;1.0
160;0.0
11334;1.0
6307;1.0
4361;1.0
5677;1.0
4495;0.0
7296;0.0
3107;1.0
6263;1.0
10318;1.0
8912;0.0
357;0.0
6701;1.0
6340;1.0
7502;1.0
6890;1.0
492;0.0
9247;1.0
4137;1.0
257;1.0
6871;0.0
8755;1.0
179;1.0
2344;1.0
7598;0.0
3732;1.0
6071;1.0
1808;0.0
10770;1.0
657;0.0
10288;0.0
4277;0.0
4533;0.0
2121;0.0
11605;0.0
5027;1.0
3510;0.0
3812;1.0
10800;1.0
7833;0.0
7751;1.0
10561;0.0
11830;1.0
1652;1.0
3987;1.0
2821;1.0
6690;1.0
11884;1.0
5809;0.0
9481;1.0
5620;0.0
9805;0.0
11859;1.0
9387;0.0
1167;0.0
2452;1.0
5022;0.0
1515;0.0
7795;1.0
10916;1.0
5805;1.0
2627;0.0
114;0.0
3297;0.0
3954;1.0
7612;0.0
990;0.0
5124;0.0
7421;0.0
9679;1.0
3601;1.0
3200;1.0
1761;0.0
7564;0.0
279;1.0
3040;1.0
9375;1.0
3736;1.0
9672;1.0
3265;0.0
2264;0.0
3349;0.0
2003;1.0
308;1.0
4546;1.0
4341;0.0
3362;0.0
417;0.0
1746;0.0
4536;1.0
5938;1.0
3053;1.0
11524;0.0
7366;1.0
11856;1.0
3529;1.0
11123;1.0
10256;0.0
2247;1.0
3102;0.0
4307;1.0
